,0
0,DGRW
1,IWF
2,SP
3,STAR
4,MAX
5,PPG
6,BABA
7,EQIX
8,GYLD
9,WRB
10,LDOS
11,PLNT
12,IVES
13,SWAN
14,GAIN
15,ICUI
16,SNOW
17,REGN
18,FIS
19,HBI
20,MET
21,AMGN
22,OIH
23,CPII
24,EAT
25,STE
26,SVXY
27,ATHM
28,TR
29,RY
30,AVGO
31,CMG
32,PEP
33,IWM
34,TSLA
35,AFCG
36,VRSN
37,OLPX
38,CPNG
39,SPY
40,BDX
41,ALL
42,DEN
43,QTRX
44,ARKK
45,YANG
46,ALNY
47,SGEN
48,FUTY
49,LAC
50,BUG
51,OEX
52,PG
53,GOOG
54,LCII
55,RSI
56,VGT
57,GNSS
58,EXPE
59,CVX
60,CDNS
61,URA
62,SMH
63,SPXW
64,UBER
65,MYPS
66,VHC
67,TGTX
68,XDC
69,XOM
70,FITE
71,CC
72,BP
73,CW
74,IIIN
75,HAL
76,GFI
77,SIXV
78,ABC
79,NEM
80,TAGS
81,PATH
82,AVXL
83,FEZ
84,WDC
85,XYLG
86,KR
87,ZM
88,QCRH
89,TRGP
90,LNG
91,WEAT
92,HSY
93,WTW
94,TPVG
95,AAPL
96,OPEN
97,PRPH
98,EMR
99,CCJ
100,SMHI
101,XLV
102,EELV
103,JKS
104,JEPQ
105,QLYS
106,XSP
107,UPST
108,WTS
109,CSB
110,WULF
111,SPXS
112,IMAX
113,BA
114,AMD
115,EMLC
116,GTLB
117,TMO
118,SPX
119,BDC
120,ZS
121,FTAI
122,MAG
123,XEO
124,TSL
125,SPTL
126,CHCO
127,CNC
128,ELV
129,CHIH
130,AON
131,CAT
132,RIG
133,UYG
134,URI
135,SPLK
136,MANU
137,MELI
138,DASH
139,ONEV
140,GNRC
141,DHR
142,IXN
143,CAH
144,XME
145,ZIM
146,INVH
147,JNUG
148,SPIKE
149,FRC
150,CTRA
151,CMTL
152,SIXU
153,WB
154,BYND
155,MARA
156,NDXP
157,FXE
158,ARGX
159,NDX
160,CELH
161,MS
162,LSCC
163,ANF
164,GOOS
165,NVDA
166,FCX
167,GPI
168,STGW
169,PRFT
170,EFA
171,DOW
172,CS
173,HOOD
174,NYCB1
175,ORCL
176,FFIV
177,COF
178,SHEL
179,WMT
180,SCO
181,FANG
182,AA
183,IVV
184,NLY
185,NNDM
186,PSI
187,FSLY
188,UNM
189,FDX
190,FIXD
191,AIQ
192,CHTR
193,DFIN
194,PB
195,SGFY
196,DDOG
197,PXI
198,SUSB
199,SEDG
200,DIV
201,MVIS
202,FREQ
203,BITI
204,EPAM
205,RITM
206,NET
207,LII
208,GRN
209,ZTS
210,CBRL
211,VEL
212,UHAL1
213,DE
214,DBX
215,GWW
216,QCOM
217,GSK
218,BMI
219,BHVN1
220,WEBS
221,TALO
222,CGW
223,SPXL
224,DPZ
225,RCD
226,BIL
227,REFI
228,KFY
229,RCL
230,IPAR
231,SLQT
232,BIDU
233,VOD
234,ROST
235,IYF
236,FELE
237,AZO
238,RUI
239,ADSK
240,GTLS
241,MRO
242,TMF
243,VSS
244,TELA
245,LGLV
246,MXI
247,SPMD
248,AWAY
249,VTWV
250,KDP
251,LIT
252,PFE
253,LEU
254,PLTK
255,FRPT
256,KLAC
257,NAT
258,LESL
259,SPUU
260,ENZ
261,PRU
262,MDT
263,RBC
264,AZPN
265,GS
266,HRL
267,RH
268,DOLE
269,AXP
270,QRMI
271,INTU
272,TIPT
273,ADI
274,AZTA
275,CRS
276,UBOT
277,DVA
278,BEDZ
279,SOXPM
280,DD
281,SLY
282,DG
283,VR
284,CHGG
285,COST
286,NEOG
287,MSOS
288,CROX
289,DVN
290,FMS
291,DIG
292,HOMZ
293,FXI
294,MXEA
295,WYNN
296,XLC
297,XWEL
298,SLAC
299,QWLD
300,PGR
301,MBLY
302,JAZZ
303,FDLO
304,MLI
305,ALIT
306,LAND
307,UFO
308,XXII
309,NCR
310,SARK
311,CARS
312,MBB
313,UVIX
314,TAIL
315,CRBN
316,INSP
317,MCS
318,COIN
319,EQR
320,PFEL
321,EDV
322,GOOGL
323,CAL
324,MDEV
325,WLK
326,CVRX
327,BSQR
328,CVCO
329,ITOT
330,OEF
331,LI
332,BMO
333,SHC
334,MDB
335,FSK
336,NBR
337,MAA
338,CVNA
339,ALB
340,DIA
341,BYFC
342,AKYA
343,MRVL
344,MTH
345,TARK
346,SMLV
347,ARI
348,MSTR
349,THCH
350,SPWR
351,MMSI
352,OXY
353,EWU
354,CINT
355,XHB
356,GLD
357,HCA
358,AVRE
359,XTN
360,FREY
361,SDOW
362,FAZ
363,SZK
364,ANAB
365,ADP
366,FXH
367,SDRL
368,SOGU
369,IGV
370,ALTO
371,TFIN
372,GLRE
373,WKME
374,FTXG
375,SE
376,PLUG
377,FISV
378,AGNC
379,WM
380,VTWO
381,EES
382,NTB
383,MCO
384,HD
385,TLT
386,EWT
387,VIG
388,CACC
389,CTO
390,NOAH
391,HES
392,ZG
393,ASTS
394,IMOS
395,NIO
396,PARA
397,IQ
398,CEIX
399,SRRK
400,FC
401,EWG
402,GE2
403,FUTU
404,DVOL
405,HELX
406,CYTK
407,NOC
408,CRWD
409,DHI
410,VNO
411,OLED
412,GM
413,ETN
414,AVDX
415,ITRN
416,MANH
417,BIIB
418,WBA
419,TRIP
420,ZROZ
421,PRFZ
422,UFPI
423,VIRT
424,NTRS
425,KRTX
426,SIXB
427,MDY
428,ODFL
429,SRI
430,BLNK
431,UNP
432,MDLZ
433,LAD
434,MRUS
435,CHRW
436,RLMD
437,EEMV
438,NEE
439,BWX
440,TME
441,IWN
442,CYTO1
443,MNKD
444,ATCO
445,KOP
446,DFAT
447,PALC
448,CLF
449,CMCL
450,QCLN
451,RACE
452,TECL
453,TER
454,KYMR
455,LRNZ
456,ASHR
457,EFXT
458,LU
459,XLF
460,IZRL
461,IFRX
462,HI
463,HUBS
464,JJG
465,NQX
466,QQQ
467,KTEC
468,LCTD
469,ANIK
470,FNKO
471,USO
472,ORLY
473,STM
474,DFAU
475,CWB
476,TGT
477,IEF
478,SDS
479,CVE
480,GSG
481,EMB
482,XLY
483,SSP
484,DIVO
485,ETSY
486,HTHT
487,EVR
488,XLK
489,ISTB
490,DSTL
491,BBAX
492,HIBL
493,ABT
494,BMRN
495,QDIV
496,CVM
497,VISL
498,THC
499,PAYC
500,FL
501,HTLF
502,CORN
503,RIO
504,RGI
505,PXH
506,KSS
507,PFM
508,FXD
509,XES
510,SLYG
511,BZH
512,SBUX
513,SWN
514,UGL
515,EC
516,VIXW
517,KZR
518,TTAC
519,USFD
520,WSM
521,CFLT
522,CMTG
523,CRAI
524,GNS
525,BBY
526,CANO
527,LBAI
528,YUMC
529,HYG
530,NOW
531,BPOP
532,WELL
533,NGVT
534,TZA
535,FCNCA
536,WEBL
537,SGG
538,RUT
539,VWO
540,SQ
541,NTNX
542,NUVA
543,EWRE
544,SNDL
545,CPF
546,KE
547,RFV
548,NSC
549,HLIT
550,BLU
551,RBLX
552,PLL
553,FIXX
554,ANSS
555,SCHF
556,TRUE
557,JD
558,IMVT
559,ALGN
560,VAL
561,CEMB
562,PIPR
563,FDVV
564,LQIG
565,AKLI
566,LMAT
567,CALM
568,V
569,LVTX
570,LIN
571,ACN
572,AZEK
573,CPRI
574,NERD
575,BECN
576,SPXU
577,VTYX
578,EEM
579,INTT
580,BIZD
581,OSH
582,BRZU
583,HYDR
584,DBI
585,SPXN
586,TRMD
587,WMK
588,CPRT
589,NBIX
590,CSIQ
591,GNL
592,CMC
593,SACH
594,BGNE
595,EEMS
596,UGE
597,ELS
598,CRM
599,TKR
600,SWKS
601,FICO
602,LHX
603,BMRA
604,FNV
605,APO
606,MAR
607,BNTX
608,INDY
609,CSGS
610,URBN
611,IYE
612,BOOM
613,PFSW
614,MU
615,LBRT
616,FCN
617,FYLG
618,ROL
619,DNUT
620,APOG
621,LW
622,ONEQ
623,SOXL
624,ADBE
625,EATV
626,BBC
627,GLW
628,SAM
629,FM
630,CSBR
631,GNUS
632,CB
633,AXSM
634,LRCX
635,WRAP
636,FLR
637,FEMS
638,IHY
639,FAS
640,MCK
641,TXN
642,DPST
643,SQM
644,PYPL
645,BRKB
646,UNH
647,COTY
648,EXAS
649,KGRN
650,SCHG
651,TOKE
652,NVST
653,SIJ
654,MRNS
655,TRIN
656,WSC
657,BBIN
658,IHI
659,U
660,ERIE
661,CWCO
662,HYLN
663,HEXO2
664,PBRA
665,EEMX
666,MTRN
667,M
668,INSE
669,BIOR1
670,MXL
671,MFC
672,CMDY
673,FIW
674,CPUH
675,RKT
676,TAL
677,AMYT
678,AVTR
679,PSX
680,ACMR
681,PSO
682,BLFS
683,MRNA
684,EVOP
685,VCSH
686,SPR
687,GT
688,UPRO
689,RUTW
690,AAP
691,UGI
692,MTW
693,UVXY
694,NSSC
695,IWP
696,NEON
697,TITN
698,WABC
699,ARGT
700,NOK
701,LYFT
702,TBT
703,AKRO
704,BX
705,IETC
706,KT
707,AOUT
708,VCR
709,TX
710,BOX
711,JBGS
712,MTCH
713,SCHM
714,GME
715,CF
716,USMF
717,ALKS
718,RJF
719,SCHA
720,CLPT
721,VRTX
722,YINN
723,XLP
724,HYZD
725,AMR
726,IAC
727,FMC
728,SPHY
729,HLT
730,MA
731,MNST
732,SPSC
733,KEY
734,RDW
735,BCC
736,ARCH
737,ARKX
738,AYX
739,TNC
740,OXSQ
741,ABST
742,RDVT
743,XLRE
744,ECLN
745,MX
746,DCFC
747,KROS
748,HQY
749,MLPA
750,CRK
751,VEEV
752,HSBC
753,ROP
754,DIS
755,LEA
756,AMC
757,BBH
758,CLX
759,EPR
760,EZA
761,BMY
762,NFLX
763,PCEF
764,SMPL
765,ENPH
766,NVS
767,LQD
768,BLK
769,LNTH
770,TRV
771,SPGI
772,ARKQ
773,PAVE
774,TAN
775,AGIO
776,MAXR
777,RGLD
778,HJEN
779,DGX
780,APH
781,BERY
782,JETS
783,MPC
784,PEY
785,MCD
786,RIET
787,AR
788,ALT
789,SHY
790,VZ
791,IBBQ
792,XPEV
793,INFU
794,PRA
795,STBA
796,VMW
797,VLO
798,HBAN
799,ELAN
800,IEUR
801,CNXC
802,DTD
803,SRPT
804,IAGG
805,JBHT
806,BBUS
807,CTAS
808,LASR
809,TPB
810,WIRE
811,AMLP
812,PLG
813,EQNR
814,GRWG
815,STX
816,PWB
817,BWA
818,BOAT
819,DJP
820,SPKY
821,ATAI
822,VALT
823,BTI
824,DLTR
825,ES
826,NVTS
827,AMZN
828,TDOC
829,GSL
830,BAH
831,SKY
832,RUN
833,CLSC
834,BEKE
835,VTC
836,ENOV
837,QYLD
838,FNA
839,SG
840,SCHJ
841,TWLO
842,CIVI
843,KBWP
844,GATX
845,YETI
846,LCUT
847,BITQ
848,EPD
849,PH
850,DOGZ
851,GOGO
852,MDC
853,QEFA
854,OILK
855,KEYS
856,CFA
857,IXC
858,ICHR
859,USB
860,DM
861,SAIC
862,SPB
863,COOP
864,SCL
865,GOLD
866,GPC
867,DWAC
868,DTE
869,EBND
870,SSO
871,MSFT
872,ERIC
873,SECT
874,PIO
875,CVS
876,EZM
877,BKNG
878,UMDD
879,BILL
880,LPLA
881,RTX
882,ASLE
883,SPFF
884,PFGC
885,ARAY
886,BANF
887,WDAY
888,UA
889,ABNB
890,ATKR
891,XLE
892,DUDE
893,IYR
894,MCHP
895,HUBG
896,INDL
897,SWAV
898,KOS
899,MNMD
900,XDN
901,VOOG
902,PTGX
903,ESLT
904,VSDA
905,HOLX
906,PFG
907,TIPD
908,WMS
909,DO
910,FRNW
911,JCI
912,NOTV
913,XHE
914,PYPS
915,DB
916,W
917,FUBO
918,UVIX1
919,BYD
920,PSEP
921,KIE
922,KOPN
923,PGJ
924,OC
925,STZ
926,KRP
927,MEME
928,IGRO
929,SOX
930,NUGT
931,POST
932,LMBS
933,AAL
934,GPS
935,SIX
936,DXJ
937,BBP
938,USRT
939,MLCO
940,LMB
941,CIG
942,UONE
943,CCL
944,BAD
945,POR
946,NXPI
947,BANC
948,IWY
949,CWEB
950,CPT
951,ARMK
952,MAC
953,ON
954,FTCH
955,UPV
956,POWL
957,NMIH
958,OLN
959,AIG
960,GCLN
961,GDDY
962,ABBV
963,ICLN
964,LOB
965,SATS
966,AVY
967,DUST
968,TMV
969,ACNT
970,IVOG
971,AG
972,MKL
973,KBH
974,LXU
975,WHR
976,MMC
977,SCC
978,VIX
979,THD
980,CAKE
981,TWM
982,ULTA
983,OBE
984,HYZN
985,JAAA
986,HDRO
987,BGRY
988,JO
989,ISRG
990,HIBB
991,IBB
992,PXD
993,ITP
994,FIVN
995,VPU
996,VONV
997,EEMA
998,BOSS
999,EXC
1000,DOV
1001,MVPS
1002,KRNT
1003,IEMG
1004,REPL
1005,MED
1006,PRF
1007,OGS
1008,ROKU
1009,SLB
1010,CEW
1011,BKR
1012,DCPH
1013,ITB
1014,ZTO
1015,UPW
1016,XBI
1017,HOG
1018,FVAL
1019,ABR
1020,PAY
1021,PCAR1
1022,MLKN
1023,MEXX
1024,FPXI
1025,STNG
1026,SOFI
1027,RDIV
1028,PSCF
1029,IJT
1030,BC
1031,THG
1032,NTES
1033,CNTY
1034,PLTR
1035,ATUS
1036,TBIL
1037,WEX
1038,IYT
1039,IEI
1040,WPC
1041,NKE
1042,SOXX
1043,WCC
1044,XSVM
1045,NVMI
1046,OGN
1047,FXY
1048,URNM
1049,IRWD
1050,AHCO
1051,GAL
1052,IDCC
1053,URTY
1054,PSNY
1055,GPRE
1056,DTM
1057,BAP
1058,NGL
1059,ITM
1060,TFX
1061,BORR
1062,PCVX
1063,APLS
1064,LSPD
1065,NJR
1066,KMX
1067,JOBY
1068,OMAB
1069,SF
1070,TTE1
1071,D
1072,GAMR
1073,FTNT
1074,SQQQ
1075,CVEO
1076,CMRE
1077,VIOV
1078,WOOD
1079,FSZ
1080,VOO
1081,QGEN
1082,MGA
1083,FFWM
1084,UHS
1085,RLY
1086,WH
1087,WFC
1088,BNO
1089,PGF
1090,CME
1091,FLOT
1092,EXI
1093,FBT
1094,NTR
1095,UAL
1096,TGH
1097,NVAX
1098,PLMR
1099,MTD
1100,HIG
1101,FHLC
1102,RLX
1103,UTSL
1104,SBCF
1105,CSTM
1106,FIX
1107,SI
1108,DK
1109,CVAC
1110,HGER
1111,KNDI
1112,SABR
1113,XOP
1114,VICR
1115,CCNE
1116,BAX
1117,TEAM
1118,IEV
1119,CFR
1120,ANET
1121,ACWI
1122,ENFR
1123,WMG
1124,VOYA
1125,SNV
1126,DOCN
1127,IWD
1128,DAPP
1129,LL
1130,SBLK
1131,KMI
1132,SMLP
1133,SAN
1134,NPO
1135,QDF
1136,MEI
1137,CPE
1138,AEHR
1139,VRNS
1140,EMFM
1141,APA
1142,EWY
1143,PGNY
1144,CAAP
1145,CSCO
1146,EURN
1147,NAVB
1148,LULU
1149,SLX
1150,SNA
1151,CRWS
1152,MKSI
1153,SPYX
1154,GE
1155,BXP
1156,META
1157,SPCE
1158,EQOSQ
1159,CL
1160,MG
1161,MRK
1162,INCY
1163,ATVI
1164,SPSB
1165,VTV
1166,VCAR
1167,BG
1168,WERN
1169,CI
1170,UBFO
1171,XVOL
1172,EUFN
1173,EMTY
1174,S
1175,SIG
1176,BB
1177,MORN
1178,AFRM
1179,LOUP
1180,EWBC
1181,DECK
1182,KARS
1183,IRBO
1184,GVIP
1185,PBW
1186,APAM
1187,YOU
1188,TLYS
1189,HZON
1190,IWB
1191,LMND
1192,Z
1193,WGMI
1194,IBM
1195,VVX
1196,EQT
1197,ERJ
1198,TIPX
1199,EXP
1200,SKYY
1201,SLAB
1202,AIA
1203,USFR
1204,SIL
1205,FLRN
1206,FXB
1207,HII
1208,NDAQ
1209,MINT
1210,AKAM
1211,PYZ
1212,NEAR
1213,BBBY
1214,LOPE
1215,SDGR
1216,RAYS
1217,KCE
1218,LOCL
1219,BALL
1220,HTEC
1221,PRVB
1222,RPAY
1223,PTBD
1224,BIOX
1225,SKIL
1226,AI
1227,WSBC
1228,MMYT
1229,WTI
1230,FDMO
1231,TPX
1232,SFBS
1233,LVS
1234,AMWD
1235,EQWL
1236,WING
1237,XPO
1238,SRCL
1239,INDS
1240,EBAY
1241,JMIA
1242,ZBH
1243,VXX
1244,PFFA
1245,OGE
1246,PINS
1247,VXUS
1248,FFIN
1249,UTHR
1250,IBTX
1251,NTAP
1252,PZZA
1253,DISH
1254,ADN
1255,SH
1256,VONG
1257,CQQQ
1258,AVNW
1259,NZUS
1260,AGR
1261,GLDB
1262,LSI
1263,HBT
1264,GRPN
1265,CMA
1266,FLQL
1267,PWR
1268,RAIN
1269,JQUA
1270,PAHC
1271,RPD
1272,EW
1273,YPS
1274,BOTZ
1275,EWC
1276,BBWI
1277,TMUS
1278,SPG
1279,NFE
1280,CHIK
1281,MEDP
1282,BKCH1
1283,BL
1284,EFV
1285,EME
1286,BNTX1
1287,EPP
1288,SUI
1289,DUG
1290,J
1291,GIL
1292,LAZ
1293,TYL
1294,AVUV
1295,ALG
1296,TNYA
1297,FCBC
1298,SSUS
1299,AMPS
1300,NNOX
1301,GENY
1302,TRP
1303,TTT
1304,CBRE
1305,QQXT
1306,NOG
1307,NZAC
1308,SOXS
1309,PANW
1310,SHOP
1311,GMF
1312,HRB
1313,VAC
1314,COPX
1315,KKR
1316,AMAT
1317,SDEM
1318,VET
1319,SIGA
1320,EXEL
1321,WTAI
1322,PSCC
1323,EWCO
1324,VLY
1325,CHRD
1326,MGC
1327,PTON
1328,KFVG
1329,BLOK
1330,PMCB
1331,VMC
1332,MBI
1333,SPIB
1334,TSM
1335,FTDR
1336,CCK
1337,CMS
1338,BAC
1339,IVOO
1340,LQDT
1341,EFTR
1342,AFL
1343,UPS
1344,SO
1345,URE
1346,TDC
1347,FXZ
1348,GOEX
1349,VOE
1350,GDX
1351,ADM
1352,FSMD
1353,SCCO
1354,CARG
1355,SDOG
1356,QQQM
1357,CHPT
1358,CWH
1359,KO
1360,BSX
1361,ONL
1362,CCOR
1363,NX
1364,GFF
1365,DEEP
1366,CSR
1367,UCO
1368,ILCG
1369,GBIL
1370,EVRG
1371,MRIN
1372,DFAS
1373,SIXRE
1374,TDY
1375,SGMO
1376,ISEE
1377,EWI
1378,DFJ
1379,QDEF
1380,GDXJ
1381,ECNS
1382,BKXPM
1383,CATO
1384,TROW
1385,VSTO
1386,CSX
1387,SIXI
1388,PCRX
1389,RAVE
1390,IDXX
1391,BITO
1392,GFOF
1393,COMB
1394,IMGN
1395,BBIG1
1396,UDOW
1397,KREF
1398,TRS
1399,EMLP
1400,CN
1401,MEC
1402,WWD
1403,NLS
1404,FERG
1405,DLHC
1406,ASML
1407,XRT
1408,TENB
1409,OGI
1410,EWM
1411,GRMN
1412,JNPR
1413,SVAL
1414,SRLN
1415,IVW
1416,BROS
1417,BRCC
1418,NRG
1419,GCMG
1420,MMM
1421,WOLF
1422,LCTU
1423,CFFN
1424,SMIN
1425,CRON
1426,MMTM
1427,XRX
1428,VPN
1429,GLL
1430,OSTK
1431,SPHB
1432,GPN
1433,TNP
1434,FPAC
1435,CHIS
1436,AEO
1437,SXC
1438,WTMF
1439,MIDD
1440,RELY
1441,PBF
1442,RGLS
1443,WFH
1444,VIOG
1445,BR
1446,FIVE
1447,PEN
1448,BFAM
1449,SNAP
1450,CG
1451,CKPT
1452,VBR
1453,UAN
1454,CUT
1455,ACM
1456,XMTR
1457,RAMP
1458,RUTH
1459,LINC
1460,MDU
1461,IPI
1462,ST
1463,VRSK
1464,IAI
1465,ENTG
1466,KHC
1467,GFS
1468,PNC
1469,ASRT
1470,DX
1471,SEEL
1472,LABD
1473,DNOW
1474,SPEU
1475,SGU
1476,SPGM
1477,PKW
1478,AU
1479,NWS
1480,RNG
1481,AXNX
1482,VTHR
1483,BIO
1484,MLNK
1485,ARHS
1486,XMLV
1487,KOLD
1488,TFSL
1489,DBP
1490,RYF
1491,FLIC
1492,SGHT
1493,LNW
1494,LICY
1495,QID
1496,SJM
1497,GDEN
1498,FRG
1499,KMPR
1500,PLOW
1501,TEL
1502,SONY
1503,KMLM
1504,BTF
1505,CNQ
1506,SU
1507,AJG
1508,APPS
1509,COM
1510,EXAI
1511,VLUE
1512,SKX
1513,NKTX
1514,PII
1515,VMI
1516,CAR
1517,MSA
1518,EWUS
1519,DNN
1520,CNI
1521,BTU
1522,SPRO
1523,CRNC
1524,TAP
1525,VFVA
1526,PLYM
1527,BCLI
1528,QQQE
1529,DNB
1530,SPGP
1531,PSCI
1532,FORR
1533,AMTB
1534,UWM
1535,PI
1536,IWO
1537,GSHD
1538,HOUS
1539,MXEF
1540,USD
1541,QUAL
1542,CELC
1543,FRBA
1544,RNR
1545,EBLU
1546,PPL
1547,STPZ
1548,DXC
1549,DEM
1550,ENRG
1551,SHCR
1552,CLVSQ
1553,PRNT
1554,LLY
1555,C
1556,ARWR
1557,TINT
1558,GLBE
1559,AXTA
1560,VOT
1561,IJS
1562,PDD
1563,LOGI
1564,RPM
1565,HWC
1566,VWE
1567,CHIQ
1568,IGHG
1569,BLCO
1570,SAP
1571,H
1572,VTR
1573,SPOT
1574,IYZ
1575,CCEP
1576,ICFI
1577,GSAT
1578,IGF
1579,FXC
1580,COOK
1581,QS
1582,ATMP
1583,AAPD
1584,HACK
1585,SRS
1586,PFFD
1587,AQMS
1588,HWM
1589,CHK
1590,WMB
1591,OPCH
1592,FDS
1593,STVN
1594,MMP
1595,CALF
1596,BKH
1597,CNP
1598,SYY
1599,WTRG
1600,MNTK
1601,TJX
1602,FFNW
1603,AXGN
1604,BDSX
1605,WOOF
1606,FDN
1607,UAA
1608,LGIH
1609,IXJ
1610,FXLV
1611,COUP
1612,FMAT
1613,ANDE
1614,FSM
1615,GOCO1
1616,FAD
1617,PLYA
1618,SLVP
1619,AUY
1620,SYF
1621,LUMN
1622,LILAK
1623,OMF
1624,ZI
1625,CFO
1626,SSTK
1627,PSFE
1628,GEN
1629,ILMN
1630,CRL
1631,DKS
1632,NEWR
1633,TQQQ
1634,CAPL
1635,WCBR
1636,SASR
1637,GO
1638,CYBR
1639,SNY
1640,EMX
1641,PDBA
1642,BILI
1643,FILL
1644,SLYV
1645,BRKY
1646,NKLA1
1647,DGII
1648,AMCR
1649,RINF
1650,VIGI
1651,ADTN
1652,LOW
1653,VKTX
1654,DBRG1
1655,MLN
1656,QRTEA
1657,ARDX
1658,EFX
1659,COO
1660,RIDE
1661,GCC
1662,PM
1663,BNS
1664,PDS
1665,XPO2
1666,MDGL
1667,JNJ
1668,LAUR
1669,VECO
1670,DNMR
1671,HYMC
1672,IRM
1673,CVI1
1674,FCPT
1675,MOV
1676,JHML
1677,MPW
1678,KLNE
1679,MRTN
1680,BKLN
1681,SPWH
1682,RRC
1683,VLD
1684,SSG
1685,IYH
1686,EMBK
1687,SNEX
1688,HMST
1689,STXS
1690,WEC
1691,TTWO
1692,ASA
1693,IBUY
1694,KURA
1695,IYK
1696,ACB
1697,ALRS
1698,EBET
1699,CLMT
1700,SCS
1701,MACK
1702,PNR
1703,TSLL
1704,EGLE
1705,RETA
1706,AGQ
1707,DSGN
1708,UTI
1709,QTUM
1710,SMCI
1711,VZIO
1712,RYT
1713,ZYXI
1714,BGS
1715,JOET
1716,PSR
1717,NEU
1718,UNG
1719,UXIN
1720,RDVY
1721,LAMR
1722,MAN
1723,PSMT
1724,AXS
1725,VVNT
1726,RHI
1727,IPAC
1728,ITT
1729,JBI
1730,DBRG
1731,INVO
1732,VV
1733,WBD
1734,FKWL
1735,AAWW
1736,CWST
1737,LMT
1738,ITW
1739,DRV
1740,MTZ1
1741,HTGC
1742,DOC
1743,PR
1744,JLL
1745,SVIX
1746,KBWR
1747,CIM
1748,AAXJ
1749,SPC
1750,CNOB
1751,BMBL
1752,TXMD
1753,CMCSA
1754,RLV
1755,AMT
1756,SIXM
1757,AGG
1758,K
1759,DJX
1760,DCBO
1761,TSCO
1762,NRDS
1763,ZIP
1764,SCHO
1765,RAD
1766,NICE
1767,NIC
1768,MTSI
1769,SPCX
1770,XLB
1771,PTCT
1772,TDG
1773,SLQD
1774,CSD
1775,UTWO
1776,MSGE
1777,ADTX1
1778,TILE
1779,SLRC
1780,COWN
1781,PICK
1782,LCID
1783,RCEL
1784,DBC
1785,EOG
1786,SLCA
1787,CYB
1788,TSQ
1789,ENVX
1790,CDNA
1791,VEGN
1792,PYPT
1793,HCP
1794,FOUR
1795,UNFI
1796,RGA
1797,AGZ
1798,WRLD
1799,LITE
1800,SITM
1801,RIVN
1802,HAE
1803,DRIP
1804,ALK
1805,VTI
1806,EZU
1807,IAU
1808,AVT
1809,BBAI
1810,SOYB
1811,TEVA
1812,CERE
1813,DLTH
1814,HAIL
1815,KEX
1816,LUV
1817,CLAR
1818,TWIN
1819,DOCU
1820,XPND
1821,LBTYK
1822,LANC
1823,WFG
1824,NLY1
1825,AZRE
1826,MFIC
1827,APPH
1828,VWOB
1829,PTF
1830,KFS
1831,SJNK
1832,BCE
1833,CE
1834,XLI
1835,XMVM
1836,SHAK
1837,TMFC
1838,DSHK
1839,ITRI
1840,IVZ
1841,BHC
1842,PKG
1843,SHYF
1844,GAZ
1845,FORA
1846,XSOE
1847,BJ
1848,PBH
1849,BKX
1850,LMNR
1851,UVV
1852,FSLR
1853,ALDX
1854,IJR
1855,EDOC
1856,REVRQ
1857,MASI
1858,HT
1859,MODG
1860,AMBA
1861,BEAM
1862,FDD
1863,XDNA
1864,TECH
1865,ICE
1866,WDIV
1867,ENS
1868,GUNR
1869,BURL
1870,GRID
1871,BBIO
1872,STRL
1873,BOKF
1874,GBDC
1875,OSXPM
1876,GPK
1877,PBJ
1878,FNDC
1879,SPTS
1880,SMDV
1881,ATI
1882,CVLG
1883,LECO
1884,THS
1885,HELE
1886,UHT
1887,KD
1888,EAST
1889,OPRX
1890,LH
1891,YY
1892,IHS
1893,EGO
1894,KWEB
1895,HYS
1896,ODP
1897,CMI
1898,BLD
1899,DAR
1900,IHRT
1901,NUE
1902,PUNK
1903,APP
1904,EDU
1905,WCLD
1906,IBND
1907,JPM
1908,VNOM
1909,TWOU
1910,EYPT
1911,CBSH
1912,PRVA
1913,IYG
1914,SKIN
1915,DGT
1916,ITEQ
1917,SCHB
1918,RMBS
1919,EA
1920,FXG
1921,CAN
1922,MSM
1923,PWZ
1924,ARCB
1925,USL
1926,HON
1927,AHH
1928,CGDV
1929,MOH
1930,MOO
1931,USAI
1932,SAIA
1933,TM
1934,CHDN
1935,GLPI
1936,AVB
1937,ATOM
1938,AAN
1939,EXPD
1940,PPC
1941,VERU
1942,TTD
1943,FND
1944,DT
1945,GTE
1946,DAWN
1947,NLR
1948,WAT
1949,GNOM
1950,CAG
1951,SCHW
1952,OSK
1953,SNPE
1954,SHOO
1955,UUP
1956,IWFH
1957,CHRD1
1958,BNGE
1959,T
1960,SBSI
1961,BFI
1962,UCC
1963,SIVB
1964,FXO
1965,NMTR
1966,CR
1967,DAN
1968,AEM
1969,HERO
1970,IDV
1971,CRPT
1972,FOXF
1973,VCLT
1974,IP
1975,DOX
1976,WKHS
1977,FCPI
1978,COUR
1979,CVLT
1980,IR
1981,MGM
1982,EAGG
1983,ASGN
1984,GLNG
1985,FID
1986,ASH
1987,TWST
1988,HLF
1989,MERC
1990,IGLB
1991,OVV
1992,RIGL
1993,BRC
1994,CELU
1995,ORTX
1996,MAIN
1997,SBNY
1998,POL
1999,WST
2000,APG
2001,MQ
2002,INVZ
2003,F
2004,DKNG
2005,SLM
2006,MATX
2007,XIN1
2008,IGIB
2009,IMKTA
2010,EWMC
2011,SPT
2012,JJN
2013,EXLS
2014,GLIN
2015,GD
2016,TWNK
2017,DLN
2018,AOSL
2019,SPAB
2020,EWA
2021,SAFT
2022,NVEE
2023,FBNC
2024,BRSP
2025,IBRN
2026,CNXT
2027,ZEUS
2028,TRHC
2029,NAN
2030,HUN
2031,CCI
2032,LX
2033,MCHI
2034,NMFC
2035,NNBR
2036,SPD
2037,DEF
2038,MPWR
2039,LIVN
2040,TRI
2041,PAA
2042,IYM
2043,VGIT
2044,TDW
2045,NEX
2046,LEN
2047,PHR
2048,CNMD
2049,NUSI
2050,KNSL
2051,VVV
2052,AMBP
2053,IWX
2054,MSOX
2055,HUSA
2056,BKE
2057,YALA
2058,ED
2059,FTXH
2060,EWZ
2061,UMPQ
2062,BOIL
2063,RBA
2064,KFYP
2065,TECS
2066,EL
2067,YUM
2068,TROX
2069,THRM
2070,BIS
2071,BN1
2072,SYK
2073,PSTG
2074,CUZ
2075,NCNO
2076,EET
2077,NAUT
2078,CHKP
2079,SGDJ
2080,GLOB
2081,PTC
2082,CPB
2083,FOCS
2084,CHIX
2085,KBE
2086,RUM
2087,CMF
2088,RESI
2089,HAUS
2090,BBSI
2091,PCT
2092,ICPT
2093,GIS
2094,CMCT
2095,OXM
2096,PNW
2097,NDSN
2098,MOS
2099,PID
2100,BE
2101,XRAY
2102,AQWA
2103,JDST
2104,UFI
2105,MITK
2106,GIC
2107,NCLH
2108,DAKT
2109,HFND
2110,PCG
2111,SURF
2112,ESAB
2113,GMED
2114,SYLD
2115,CARR
2116,GL
2117,ACWV
2118,BTAI
2119,JELD
2120,BKCH
2121,XLU
2122,IOSP
2123,IOO
2124,MASS
2125,AMNB
2126,TFII
2127,PFFV
2128,SWEB
2129,SONO
2130,AMBC
2131,HOPE
2132,CONL
2133,SENS
2134,WIP
2135,MAT
2136,PTH
2137,CDMO
2138,JBT
2139,HUM
2140,APRE1
2141,MUB
2142,TWO
2143,EDC
2144,SKYU
2145,MDIV
2146,CHWY
2147,DFIP
2148,PAG
2149,ACTG
2150,CQP
2151,PENN
2152,SDD
2153,HLIO
2154,ELVT
2155,SWIM
2156,BXC
2157,UNVR
2158,CRBG
2159,CCAP
2160,IXG
2161,BKKT
2162,SAGE
2163,IMPP
2164,AIVL
2165,HYLD
2166,VOOV
2167,XYLD
2168,CRI
2169,NXST
2170,BKI
2171,X
2172,GBCI
2173,EFAV
2174,FDT
2175,VGLT
2176,ARQQ
2177,AZN
2178,SGRY
2179,ASHS
2180,PFSI
2181,IFGL
2182,ING
2183,FTK
2184,MTEM
2185,RWX
2186,CHUY
2187,BOOT
2188,GSLC
2189,VGK
2190,KMT
2191,PDSB
2192,LETB
2193,CLOU
2194,MOAT
2195,SSD
2196,UE
2197,PSEC
2198,SBSW
2199,IQV
2200,DEO
2201,PKB
2202,CPLP
2203,NI
2204,CDTX
2205,YCL
2206,PACK
2207,AGGY
2208,DFS
2209,ELME
2210,AXON
2211,DNA1
2212,HLGN
2213,UGA
2214,GTEK
2215,GXG
2216,CASY
2217,ULE
2218,ERTH
2219,DJIA
2220,HP
2221,OSG
2222,CCO
2223,FLEX
2224,MBUU
2225,RS
2226,FVRR
2227,NG
2228,DMRC
2229,SMP
2230,CDW
2231,MGTX
2232,GWX
2233,CARA
2234,RIOT
2235,KB
2236,MITT
2237,TTEK
2238,JKHY
2239,DAX
2240,VIOO
2241,EXR
2242,SMB
2243,WANT
2244,CMPR
2245,BSV
2246,GWRS
2247,NU
2248,DAC
2249,PKI
2250,HGTY
2251,DOOR
2252,NVRO
2253,AMLX
2254,REXR
2255,XPOF
2256,ACI
2257,DFIV
2258,FHN
2259,MNM
2260,UPAR
2261,BJK
2262,CODX
2263,KRE
2264,EIX
2265,JACK
2266,HUT
2267,MDYV
2268,VOXX
2269,HRT
2270,AGEN
2271,XAR
2272,FLTN
2273,AAOI
2274,USPH
2275,RHP
2276,AIT
2277,PXE
2278,NTST
2279,VRT
2280,VSCO
2281,PBR
2282,PTNQ
2283,FINX
2284,GOTU
2285,JWN
2286,COP
2287,XEL
2288,BFB
2289,ENSV
2290,IMTM
2291,KMB
2292,TNA
2293,ECON
2294,ANGO
2295,ALLY
2296,FEX
2297,JUST
2298,PEO
2299,BHF
2300,ADIL
2301,FREL
2302,IEO
2303,ARKW
2304,RMD
2305,FENY
2306,LBRDA
2307,BPT
2308,ABCL
2309,MSCI
2310,PPH
2311,RVMD
2312,HZNP
2313,KAMN
2314,FBK
2315,DRN
2316,RING
2317,EFAX
2318,DXPE
2319,IWL
2320,HTH
2321,TECK
2322,STN
2323,GTX
2324,ZLAB
2325,DLS
2326,MKTX
2327,DWM
2328,TRN
2329,HR
2330,SAVE
2331,FLCH
2332,DLO
2333,VIXY
2334,NVCR
2335,REET
2336,WTFC
2337,SPLG
2338,KBA
2339,CRMD
2340,FFIE
2341,PBS
2342,HHC
2343,KOMP
2344,USMC
2345,HMY
2346,SOL
2347,UST
2348,FSV
2349,CENX
2350,CALX
2351,GURU
2352,HDV
2353,FOXA
2354,IRT
2355,WDFC
2356,EURL
2357,PDM
2358,TXG
2359,SHLS
2360,PTMN
2361,MSI
2362,SFYX
2363,BUSE
2364,ARAV
2365,ODDS
2366,GTHX
2367,IFF
2368,BUD
2369,DURA
2370,AQST
2371,REZ
2372,EAF
2373,EVGO
2374,LOVE
2375,OCGN
2376,MVST
2377,RSP
2378,SANM
2379,ASAN
2380,VAPO
2381,VNLA
2382,XM
2383,OGIG
2384,IHF
2385,AVNS
2386,BEPC
2387,PLXS
2388,AFTY
2389,EXPI
2390,IRDM
2391,ENZL
2392,HL
2393,NXRT
2394,HIMX
2395,BBUC
2396,BNGO
2397,SIGI
2398,BCI
2399,PJP
2400,PRG
2401,MOMO
2402,COCO
2403,GOLF
2404,SCHE
2405,OMER
2406,HRI
2407,ALTU
2408,TMST
2409,VIS
2410,ECH
2411,HTZ
2412,FTCS
2413,TMPO
2414,VONE
2415,CNO
2416,TURN
2417,SAVA
2418,SNPS
2419,SCJ
2420,LVHD
2421,CBZ
2422,PSK
2423,DBS
2424,WD
2425,HCOM
2426,REGL
2427,UUUU
2428,VEA
2429,XSW
2430,LUNG
2431,GPRO
2432,FE
2433,CTEC
2434,DGICA
2435,INGN
2436,FNY
2437,REI
2438,NOMD
2439,VTLE
2440,EQC
2441,SPTI
2442,DXLG
2443,EHC
2444,TAK
2445,SENT
2446,KRMA
2447,CACI
2448,UI
2449,ATO
2450,AER
2451,DAIO
2452,WE
2453,PSTL
2454,SILJ
2455,DFEN
2456,XSD
2457,BRX
2458,FGD
2459,BOH
2460,VBK
2461,HIMS
2462,COLL
2463,OSPN
2464,MUR
2465,RDFN
2466,DOL
2467,SNX
2468,KMPH
2469,HEFA
2470,KBR
2471,LITM
2472,EMGF
2473,DFUS
2474,PCAR
2475,SNBR
2476,XYL
2477,RDN
2478,MNTV
2479,EDIT
2480,KW
2481,VOR
2482,MATW
2483,RPV
2484,NVO
2485,NOVT
2486,SAR
2487,ESSA
2488,BSIG
2489,SMMD
2490,IIPR
2491,KLR
2492,EWW
2493,ALLE
2494,RGNX
2495,DVAX
2496,PL
2497,SQQQ1
2498,ASO
2499,SCI
2500,OIG
2501,PFES
2502,OVLH
2503,HSII
2504,TBF
2505,ILF
2506,IVOL
2507,DINO
2508,REM
2509,TELL
2510,DDLS
2511,NAIL
2512,YMM
2513,CTSH
2514,SDY
2515,UIS
2516,RVLV
2517,DEA
2518,LABU
2519,CXM
2520,LAZR
2521,OTIS
2522,DGRS
2523,JBLU
2524,VSAT
2525,TNL
2526,LVHI
2527,VO
2528,FNGR
2529,NBTB
2530,TTWO1
2531,PGX
2532,FYX
2533,MMS
2534,PFS
2535,WBAT
2536,GPOR
2537,BIG
2538,SRTY
2539,ARC
2540,AFG
2541,APTV
2542,AIEQ
2543,FXU
2544,PSA
2545,VTRS
2546,XELA
2547,DUOL
2548,IWC
2549,BK
2550,PNTG
2551,TSLS
2552,CTBI
2553,ERX
2554,FTXR
2555,IEFA
2556,LZB
2557,SMFG
2558,VALE
2559,STIP
2560,FRST
2561,FWRD
2562,FBRT
2563,USCI
2564,VYM
2565,IGM
2566,HFWA
2567,EDZ
2568,MPAA
2569,XSLV
2570,GMS
2571,PRDO
2572,VNET
2573,SAA
2574,FEAM
2575,MIXT
2576,BNDD
2577,RXI
2578,TSLQ
2579,PEBO
2580,POOL
2581,RWL
2582,TLRY
2583,APPF
2584,KIRK
2585,ESGE
2586,HDEF
2587,EVX
2588,IVE
2589,CSII
2590,MSBI
2591,AKR
2592,BAL
2593,SRDX
2594,ITA
2595,ARVN
2596,CCSI
2597,CRH
2598,EGHT
2599,BCS
2600,RKLB
2601,TPYP
2602,BND
2603,ARGO
2604,JHMM
2605,ZBRA
2606,AGO
2607,CMBS
2608,NVDS
2609,RPG
2610,ALTR
2611,AOS
2612,MRTX
2613,EWH
2614,TIME
2615,GNTX
2616,SHW
2617,GLOV
2618,CP1
2619,SUSA
2620,CERT
2621,CLDX
2622,DDM
2623,REMX
2624,AL
2625,DAL
2626,USLB
2627,VGR
2628,NIWM
2629,EMBD
2630,SGDM
2631,TUSK
2632,TIP
2633,PUI
2634,MAKX
2635,FRGI
2636,IYC
2637,RWJ
2638,LGFB
2639,CIR
2640,ABM
2641,LAKE
2642,STCN
2643,SST
2644,FCEL
2645,SJR
2646,FRO
2647,GILD
2648,BLV
2649,FEM
2650,INGR
2651,ECPG
2652,COHR
2653,PFF
2654,ORA
2655,DPRO
2656,FTHM
2657,SPLV
2658,MIMO
2659,RCAT
2660,ORFN
2661,SPRX
2662,IPO
2663,PODD
2664,HSKA
2665,AVAV
2666,ASRV
2667,ROBT
2668,ANY
2669,VB
2670,BCIM
2671,SITE
2672,BDX1
2673,STNE
2674,CRSP
2675,SYNA
2676,CRDO
2677,BRAG
2678,RYU
2679,GMRE
2680,CLB
2681,CLS
2682,QTEC
2683,CTOS
2684,ATHA
2685,SGOL
2686,SCHR
2687,KNOP
2688,FULC
2689,VPL
2690,GBIO
2691,YVR
2692,DBEM
2693,GKOS
2694,NNI
2695,TGNA
2696,DDD
2697,CASA
2698,HYBB
2699,PUMP
2700,SMMT
2701,IYW
2702,LKFN
2703,DON
2704,LYV
2705,FLWS
2706,KEUA
2707,PKBK
2708,BZFD
2709,GINN
2710,MTDR
2711,IEZ
2712,HCSG
2713,ICLR
2714,TFC
2715,GXC
2716,AEIS
2717,DBV
2718,GII
2719,CSL
2720,QIPT
2721,SRAD
2722,LKQ
2723,APRN
2724,VOC
2725,IRBT
2726,CRUS
2727,LFUS
2728,SAND
2729,BMED
2730,NYT
2731,VDC
2732,KDNY
2733,VSH
2734,OHI
2735,ESTC
2736,SWK
2737,QYLG
2738,VRCA
2739,QQH
2740,SDP
2741,UBS
2742,AMN
2743,OSIS
2744,PEB
2745,PRLB
2746,CHIM
2747,LQDI
2748,PWV
2749,OWL
2750,ARW
2751,RGS
2752,CWK
2753,PAYS
2754,IAA
2755,VBIV
2756,STT
2757,HE
2758,KALV
2759,JBL
2760,DVY
2761,ARKG
2762,OUNZ
2763,AXL
2764,JPUS
2765,OMCL
2766,HNRG
2767,DIN
2768,PLUS
2769,URTH
2770,IPOS
2771,STEM
2772,SILX
2773,SNLN
2774,AB
2775,AGRI
2776,XHR
2777,FLT
2778,ONG
2779,ARNC
2780,SGML
2781,FTAG
2782,CGGR
2783,OLLI
2784,GHM
2785,PLAY
2786,SNCY
2787,TNET
2788,METV
2789,PHB
2790,OZK
2791,XPRO
2792,MIRM
2793,SHV
2794,CTIC
2795,OFIX
2796,TUR
2797,FCG
2798,FSR
2799,XP
2800,FRSH
2801,EGY
2802,ASEA
2803,MDYG
2804,VGSH
2805,DOMO
2806,AMAL
2807,AMH
2808,STLA
2809,ALC
2810,PAYX
2811,PTLO
2812,ALTG
2813,QQQJ
2814,LNN
2815,PWSC
2816,ALGT
2817,TWI
2818,AME
2819,SKT
2820,UPWK
2821,NABL
2822,VITL
2823,AGNG
2824,XT
2825,MT
2826,TTCF
2827,RZV
2828,EDOW
2829,BRFS
2830,KAI
2831,PRM
2832,QFIN
2833,MTZ
2834,FWONA
2835,DXCM
2836,HPQ
2837,EGAN
2838,BDRY
2839,FTSL
2840,MULN
2841,GSUS
2842,OPK
2843,NGM
2844,FIVG
2845,FAF
2846,VRM
2847,MTB
2848,AZZ
2849,SEF
2850,DFSV
2851,HEXO
2852,HEAR
2853,JRVR
2854,FOR
2855,JXN
2856,QUS
2857,CTRM
2858,ESPR
2859,EHAB
2860,BIOR
2861,TTC
2862,DFAR
2863,SHBI
2864,TMC
2865,EXTR
2866,EPV
2867,AVUS
2868,NETL
2869,SLV
2870,SPXC
2871,HAFC
2872,TSLY
2873,TARS
2874,CANE
2875,SAH
2876,IDEV
2877,RMTI
2878,GUSH
2879,FTXN
2880,YELP
2881,CWT
2882,OBOR
2883,L
2884,EWQ
2885,FTA
2886,RWLK
2887,LEGH
2888,BRO
2889,IFV
2890,IBIO
2891,PSTX
2892,SCZ
2893,VBTX
2894,RYAM
2895,ONEY
2896,IVR
2897,SHE
2898,FTXL
2899,TOL
2900,FOX
2901,LTHM
2902,GSP
2903,DEUS
2904,TOST
2905,RADI
2906,TT
2907,MYMD
2908,KCCA
2909,IJH
2910,ADNT
2911,TGB
2912,WLY
2913,UTEN
2914,AVDE
2915,ROOT
2916,FROG
2917,BCPC
2918,MUNI
2919,GOOD
2920,SA
2921,PRAA
2922,MILN
2923,ESPO
2924,DDS
2925,HROW
2926,COMT
2927,SMDD
2928,CRSR
2929,DFAI
2930,PRCT
2931,OKTA
2932,MIR
2933,RMBL
2934,PARAA
2935,IJJ
2936,DOG
2937,VEV
2938,RNA
2939,PD
2940,WPM
2941,IP1
2942,GSBC
2943,TCBK
2944,ACCO
2945,RYLG
2946,HLNE
2947,ONEO
2948,IWV
2949,GOAU
2950,PACB
2951,ROK
2952,STKL
2953,RNST
2954,IWS
2955,KRYS
2956,EPAC
2957,IUSV
2958,EVA
2959,AVID
2960,EINC
2961,PRAX
2962,TNDM
2963,HEES
2964,CASS
2965,SLF
2966,OTTR
2967,XERS
2968,AUDC
2969,FWONK
2970,PIN
2971,CFG
2972,MLM
2973,JEF1
2974,BASE
2975,AHOY
2976,CAMP
2977,BSEA
2978,IEP
2979,NVVE
2980,CRDA
2981,IBLC
2982,RLG
2983,ECL
2984,MODN
2985,NSPR
2986,EPI
2987,LTC
2988,SPRU
2989,TXMD1
2990,TIGR
2991,HYD
2992,ETR
2993,ICD
2994,UBA
2995,AN
2996,PYCR
2997,OLO
2998,VRAY
2999,AREN
3000,BILS
3001,WES
3002,EWV
3003,VDE
3004,CCOI
3005,FBIZ
3006,TOLZ
3007,MGY
3008,STR2
3009,BFLY
3010,CZR
3011,PHUN
3012,BHP1
3013,SLGN
3014,WWE
3015,PST
3016,LGND
3017,OUSM
3018,IMXI
3019,QRVO
3020,AADI
3021,RLAY
3022,JJC
3023,DELL
3024,CP
3025,VFQY
3026,HDB
3027,DSX
3028,FUL
3029,AVO
3030,USDU
3031,DCT
3032,ATCX
3033,MFIN
3034,SPBO
3035,FSTA
3036,VERS
3037,XAU
3038,CYH
3039,IDT
3040,PCH
3041,FNDX
3042,LXRX
3043,INNV
3044,BIVI
3045,CLDL
3046,TDUP
3047,ACI1
3048,KGC
3049,AGL
3050,ERF
3051,TMP
3052,BNDX
3053,VNQ
3054,DKL
3055,LC
3056,SSL
3057,AMCX
3058,NSPY
3059,EWJ
3060,AMPL
3061,SRAX
3062,EUSA
3063,DBEF
3064,SOUN
3065,ZD
3066,OLK
3067,SATL
3068,UNL
3069,FCFS
3070,EZPW
3071,DBO
3072,SMOT
3073,GHYB
3074,CHE
3075,LOAN
3076,GH
3077,EEV
3078,DGS
3079,AMED
3080,EXPO
3081,AMG
3082,MUSA
3083,SAMG
3084,CRVL
3085,BURU
3086,BTCM1
3087,BHIL
3088,EWL
3089,NKEQ
3090,GNK
3091,AMPH
3092,BAND
3093,AWI
3094,AUR
3095,FGEN
3096,AKA
3097,CXSE
3098,STLD
3099,RYH
3100,FLGT
3101,TDIV
3102,A
3103,DCOM
3104,DES
3105,CNDT
3106,IBP
3107,LGND1
3108,FDRV
3109,ASC
3110,PIZ
3111,FV
3112,NVTA
3113,SEAS
3114,AORT
3115,VRDN
3116,IMUX
3117,VINO1
3118,PCB
3119,HRTX
3120,CENTA
3121,MCRI
3122,RMR
3123,SSRM
3124,PAGP
3125,LQDA
3126,NMR
3127,JANX
3128,BSAC
3129,AROW
3130,SRG
3131,FIGS
3132,HTBI
3133,DRLL
3134,GAIA
3135,XFOR
3136,ACT
3137,TH
3138,ONCR
3139,BCO
3140,OTLY
3141,GROV
3142,GCI
3143,VEGI
3144,SSB
3145,FULT
3146,DCP
3147,CVY
3148,AMD1
3149,CGC
3150,KORU
3151,ORCC
3152,MSGS
3153,TARO
3154,FNB
3155,MO
3156,LWLG
3157,SUPN
3158,CWI
3159,FALN
3160,TPIC
3161,QRHC
3162,PRI
3163,MLR
3164,WKSP
3165,SMOG
3166,CXW
3167,FBIO
3168,CBOE
3169,AMZA
3170,PNFP
3171,VTIP
3172,NHI
3173,AIV
3174,TRUP
3175,QNST
3176,TDS
3177,SWAR
3178,HEEM
3179,SPMB
3180,INFL
3181,EXC1
3182,FMX
3183,PEAK
3184,TAST
3185,CHD
3186,BZQ
3187,SRET
3188,TRX
3189,BDTX
3190,DLR
3191,ABB
3192,BHP
3193,MNDY
3194,SIMO
3195,RYE
3196,FNK
3197,AVNT
3198,CENT
3199,SJT
3200,PATK
3201,FN
3202,AMK
3203,TRST
3204,GGR
3205,APD
3206,SKF
3207,VMEO
3208,CNNE
3209,ASTR
3210,REG
3211,POTX
3212,EMXC
3213,ESS
3214,KRBN
3215,BODY
3216,FIDI
3217,BATT
3218,FORM
3219,XSHQ
3220,QMOM
3221,BRBR
3222,LEMB
3223,EWP
3224,INMD
3225,TCDAQ
3226,PRPL
3227,CLNE
3228,SEMR
3229,O
3230,FRGE
3231,GREK
3232,USMV
3233,DESP
3234,OPRA
3235,DEI
3236,BANX
3237,TSE
3238,DBJP
3239,LEVI
3240,SNSR
3241,GDVD
3242,FISI
3243,VXZ
3244,INN
3245,INST
3246,HAUZ
3247,DNA
3248,RLI
3249,UHAL
3250,AAT
3251,KEMX
3252,CYD
3253,OI
3254,NRGV
3255,EVTL
3256,SSNC
3257,CFB
3258,ENLC
3259,HGV
3260,BANR
3261,DHS
3262,GENE
3263,UBX
3264,CDAY
3265,WNS
3266,EFAS
3267,GEHC
3268,FAZE
3269,CLVT
3270,FCOM
3271,XELA1
3272,VINP
3273,BRKR
3274,DOCS
3275,HEI
3276,AVEM
3277,PGY
3278,OCSL
3279,SCHZ
3280,ZYNE
3281,IVR1
3282,GROW
3283,DVYE
3284,DFUV
3285,FTEK
3286,DWAS
3287,HUBB
3288,BGSF
3289,ACAD
3290,INCO
3291,FXA
3292,TV
3293,AVYAQ
3294,JAKK
3295,INTC
3296,BIGC
3297,GRBK
3298,MCFT
3299,JOE
3300,TMAT
3301,DFAX
3302,IOVA
3303,NSP
3304,YYY
3305,ACRS
3306,NWL
3307,EQAL
3308,AWH
3309,TRVN
3310,KLTR
3311,RETL
3312,NZRO
3313,EWCZ
3314,GVI
3315,FUN
3316,SILK
3317,TSLI
3318,COLD
3319,TSVT
3320,PSL
3321,HOFT
3322,GB
3323,MIST
3324,XPH
3325,INDA
3326,PKOH
3327,QUIK
3328,VCLO
3329,EWZS
3330,PULS
3331,OKE
3332,MAPS
3333,TSLX
3334,SAFE
3335,DORM
3336,PILL
3337,DSI
3338,PAR
3339,PEJ
3340,WCN
3341,OCFC
3342,ZWS
3343,WEST
3344,LNT
3345,DBA
3346,MOON
3347,IMAB
3348,STAG
3349,CNXN
3350,LIND
3351,JNK
3352,PAM
3353,MTG
3354,SMMF
3355,OMI
3356,FHB
3357,SMAR
3358,ETON
3359,BEN
3360,AWRE
3361,RSVR
3362,AMP
3363,CCCS
3364,TILL
3365,TSEM
3366,IBM1
3367,MRCC
3368,ACGL
3369,BRF
3370,XDS
3371,TSN
3372,B
3373,GNE
3374,TCN
3375,LEG
3376,AMRK
3377,VIA
3378,OVT
3379,TS
3380,FNX
3381,FTI
3382,MGNI
3383,FXF
3384,MRCY
3385,CCV
3386,AGFS
3387,ROAD
3388,SPIR
3389,OACP
3390,MFA
3391,CGA
3392,CRESY
3393,GTY
3394,ASND
3395,RELX
3396,SGH
3397,SPTM
3398,KMED
3399,SIRI
3400,BCM
3401,HNST
3402,ATGE
3403,IRTC
3404,OMC
3405,IBN
3406,XLG
3407,FNCL
3408,GGB
3409,DOUG
3410,SIFY
3411,ETRN
3412,IPAY
3413,IHDG
3414,FARO
3415,BZ
3416,SMSI
3417,CGUS
3418,GMBL1
3419,HYXU
3420,BHVN
3421,DCO
3422,ISPO
3423,ARRY
3424,RDWR
3425,ATR
3426,YCS
3427,IDN
3428,NUSC
3429,BBCP
3430,PVH
3431,QDEL
3432,IBKR
3433,TXRH
3434,ALXO
3435,JPEM
3436,NTGR
3437,HEP
3438,BBJP
3439,PHG
3440,EFG
3441,AX
3442,FLBR
3443,BBCA
3444,IEX
3445,SGTX
3446,CTLP
3447,CPG
3448,LBC
3449,AYI
3450,AIRC
3451,USIG
3452,DSL
3453,RVYL
3454,FRI
3455,VRP
3456,FENC
3457,PBE
3458,RE
3459,GDOT
3460,THCX
3461,AGCO
3462,SUSL
3463,GWRE
3464,LSXMK
3465,MJ
3466,HAS
3467,UVSP
3468,EDR
3469,IGN
3470,SPTN
3471,IOT
3472,AMRC
3473,IART
3474,TG
3475,CYRX
3476,BKD
3477,EVRI
3478,SGC
3479,WSO
3480,LVO
3481,EYE
3482,CORT
3483,CNCE
3484,ONLN
3485,CION
3486,ACDC
3487,STC
3488,AUPH
3489,SID
3490,TECB
3491,RCMT
3492,KTCC
3493,USAC
3494,BIB
3495,EHTH
3496,RBOT
3497,SCHV
3498,ASTE
3499,PPBI
3500,NVNO
3501,ICF
3502,PFI
3503,GCO
3504,GHI1
3505,CIFR
3506,MODV
3507,SCSC
3508,DRTT
3509,RPAR
3510,SNN
3511,PRN
3512,SIBN
3513,SON
3514,ACRE
3515,SRE
3516,NOVA
3517,ESTE
3518,PFXF
3519,PETS
3520,BCD
3521,ENB
3522,MVV
3523,SPPI
3524,MVBF
3525,NFTZ
3526,EB
3527,PKE
3528,IJK
3529,VST
3530,FFTY
3531,PXJ
3532,DBMF
3533,AGM
3534,BMEA
3535,CRMT
3536,FGM
3537,DIOD
3538,UNIT
3539,FNGG
3540,LDEM
3541,ISRA
3542,BW
3543,GENI
3544,VSTM
3545,BKU
3546,FQAL
3547,MYRG
3548,VIV
3549,VCTR
3550,KNTK
3551,PDP
3552,NATR
3553,FTHI
3554,RBCAA
3555,DLX
3556,MESA
3557,NRP
3558,AMX
3559,TSBK
3560,WASH
3561,IGLD
3562,AGX
3563,AEL
3564,SOLO
3565,FNF1
3566,DTH
3567,PLRX
3568,NFG
3569,HURN
3570,FTRI
3571,IUSB
3572,HCKT
3573,KPLT
3574,TBPH
3575,PKX
3576,IMCR
3577,DH
3578,CTLT
3579,SEA
3580,ROBO
3581,GDE
3582,ATY
3583,JPST
3584,CTS
3585,JJU
3586,ET
3587,IONS
3588,NIB
3589,AES
3590,UWMC
3591,RTM
3592,USXF
3593,REVG
3594,RFIL
3595,RYAAY
3596,KYN
3597,ARCT
3598,AMOM
3599,ALRM
3600,BYRN
3601,WRK
3602,COMM
3603,LBTYA
3604,YPF
3605,PBA
3606,GXO
3607,SASI
3608,ROKT
3609,JMBS
3610,MOD
3611,IUSG
3612,ABUS
3613,CRBU
3614,FLS
3615,AIRS
3616,MGI
3617,CHIR
3618,VC
3619,BALT
3620,IAUF
3621,TCPC
3622,SOCL
3623,UHALB
3624,WU
3625,VXF
3626,ICVT
3627,DAM
3628,RCKT
3629,MZZ
3630,OUT
3631,PVBC
3632,CCB
3633,RRR
3634,DBE
3635,EPIX
3636,SMTC
3637,AMPX
3638,PCY
3639,RICK
3640,WIX
3641,JHG
3642,HTHT1
3643,SFY
3644,MYOV
3645,ZUO
3646,IMMP
3647,VLU
3648,IYY
3649,RWK
3650,PAAS
3651,CNX
3652,CRYP
3653,CRNT
3654,DBD
3655,WHD
3656,DFH
3657,HAP
3658,NRXP
3659,SMN
3660,JJA
3661,TYRA
3662,CRC
3663,EFSC
3664,TEX
3665,OMGA
3666,ROCC
3667,CMRX
3668,VHT
3669,AGYS
3670,OCX
3671,ADAP
3672,INMB
3673,RVNC
3674,HIVE
3675,AMSWA
3676,VT
3677,XBTF
3678,ORI
3679,CLSA
3680,CNM
3681,PRGS
3682,EATZ
3683,TD
3684,VUG
3685,REPX
3686,QLD
3687,TUYA
3688,AVDV
3689,STAR1
3690,DDWM
3691,PROF
3692,WGO
3693,MGV
3694,WOW
3695,ACET
3696,IAK
3697,VFC
3698,CIEN
3699,GEM
3700,NSTG
3701,SRNE1
3702,EGBN
3703,NXTG
3704,GALT
3705,ABCM
3706,GNW
3707,WAL
3708,DXJS
3709,STWD
3710,SITC
3711,NANR
3712,FRHC
3713,GDOC
3714,INSM
3715,HLX
3716,ROG
3717,NSA
3718,SCWX
3719,PCTY
3720,CPER
3721,MCB
3722,INVE
3723,HY
3724,OESX
3725,WAB
3726,BWAC
3727,TARK1
3728,GEF
3729,ALTY
3730,EDU1
3731,SCVL
3732,XDA
3733,PBPB
3734,NVEI
3735,LVLU
3736,XPEL
3737,CRUZ
3738,LNC
3739,WEN
3740,SANA
3741,SPVU
3742,CMPS
3743,AGI
3744,IHE
3745,LEGR
3746,VUZI
3747,LSTR
3748,OII
3749,BGFV
3750,UEC
3751,SGHC
3752,ALVR
3753,QUAD
3754,KTOS
3755,VMBS
3756,ERY
3757,SWBI
3758,MPLX
3759,GPRK
3760,TRC
3761,SVVC
3762,TBLA
3763,RRX
3764,CCS
3765,FAN
3766,ISUN
3767,TEO
3768,VCIT
3769,AY
3770,FOLD
3771,HRMY
3772,BLBD
3773,GP
3774,LOOP
3775,STAA
3776,JVAL
3777,ALSN
3778,SKYT
3779,IEDI
3780,ATNI
3781,MDVL
3782,SPHD
3783,AMJ
3784,POET
3785,BBD
3786,FFIC
3787,GDEF
3788,OPAD
3789,METC
3790,EVH
3791,QSR
3792,IVOV
3793,FTC
3794,TRNO
3795,OUST1
3796,VCXA
3797,TSP
3798,ARLP
3799,SPYD
3800,ABCB
3801,ADC
3802,TYD
3803,ARBE
3804,BN
3805,BRDG
3806,EVTC
3807,CLW
3808,FHI
3809,BWB
3810,EXPR
3811,VIST
3812,FDP
3813,BZUN
3814,IGC
3815,HLTH
3816,EUM
3817,WFRD
3818,HUYA
3819,GLP
3820,RWM
3821,FBIN1
3822,MMAT
3823,ENSG
3824,AVLV
3825,ARIS
3826,ADUS
3827,IBOC
3828,LEV
3829,SFM
3830,BETZ
3831,AIRR
3832,SBEV
3833,CMP
3834,RPRX
3835,AEP
3836,ASB
3837,CWENA
3838,KEMQ
3839,KBWY
3840,RXDX
3841,GETY
3842,GNR
3843,GOL
3844,DNLI
3845,ARKF
3846,BHE
3847,EPS
3848,MVO
3849,PSP
3850,TGI
3851,SXI
3852,SPHQ
3853,HTBK
3854,BAM
3855,RTH
3856,SYPR
3857,MCW
3858,CVT
3859,STKH
3860,ASTL
3861,SPI
3862,ROM
3863,MBC
3864,ARCC
3865,EEFT
3866,IDRV
3867,PLCE
3868,VIPS
3869,CZOO
3870,MGK
3871,PRSO
3872,DFAC
3873,IDLV
3874,DV
3875,GRTX
3876,FCF
3877,QTWO
3878,TOTL
3879,CRTO
3880,COW
3881,BFH
3882,LTRX
3883,JYNT
3884,SMG
3885,MHLD
3886,AMPY
3887,IMMR
3888,CPK
3889,IIIV
3890,TRU
3891,ITGR
3892,MAS
3893,BPMC
3894,HOMB
3895,BCTX
3896,TCS
3897,CTRN
3898,VRRM
3899,CVI
3900,TACT
3901,CASH
3902,LYRA
3903,HALO
3904,COMP
3905,YMAB
3906,CCRV
3907,REW
3908,JMST
3909,HOFV1
3910,VTEB
3911,THR
3912,SCM
3913,CUK
3914,WSR
3915,FEP
3916,PSIL
3917,ECVT
3918,OCSL1
3919,GEL
3920,DCI
3921,EPM
3922,EVEX
3923,WPRT
3924,PTEN
3925,MKC
3926,ENVA
3927,CNET1
3928,ATNM
3929,CGRN
3930,PNQI
3931,SFYF
3932,CATH
3933,ARES
3934,HSIC
3935,UNF
3936,OFG
3937,VFMF
3938,VIRX
3939,NVGS
3940,WNC
3941,HDSN
3942,LYEL
3943,ACVA
3944,LEGN
3945,GRPH
3946,XTL
3947,KSA
3948,FF
3949,SUPL
3950,RSG
3951,GIFI
3952,IAT
3953,BALY
3954,INTZ
3955,XSMO
3956,RWR
3957,CIVB
3958,SCHY
3959,PBP
3960,ACA
3961,GORO
3962,LTL
3963,GRFS
3964,PSCE
3965,AAPU
3966,BEEM
3967,IDAT
3968,BSET
3969,CUBI
3970,TTSH
3971,KLIC
3972,MGPI
3973,TPOR
3974,MUFG
3975,HYFM
3976,DOOO
3977,LPG1
3978,EGIO
3979,MUX
3980,DRVN
3981,SRET1
3982,XRMI
3983,PRTA
3984,EARN
3985,RGR
3986,NWN
3987,AVD
3988,GXTG
3989,KBUY
3990,TOWN
3991,RAPT
3992,SOVO
3993,HASI
3994,KBWB
3995,PWFL
3996,TFI
3997,HMC
3998,JCPI
3999,MHO
4000,ABEV
4001,XMMO
4002,TFPM1
4003,CINF
4004,NEP
4005,IMTX
4006,SNY1
4007,UTZ
4008,PMT
4009,TPR
4010,SBRA
4011,KWR
4012,IVAC
4013,VFH
4014,THO
4015,ASX
4016,CZNC
4017,MLSS
4018,AFYA
4019,DNL
4020,MWA
4021,ELD
4022,WNDY
4023,CBAY
4024,CLPR
4025,GPP
4026,IPGP
4027,NXE
4028,RAAX
4029,ELMD
4030,NTLA
4031,ETWO
4032,BCRX
4033,GERM
4034,INOD
4035,KN
4036,ILCB
4037,FTSM
4038,RVSB
4039,ABG
4040,OCFT
4041,BHR
4042,HNI
4043,INDI
4044,AIVI
4045,VIAV
4046,WDS
4047,CPSH
4048,DUK
4049,SOS1
4050,LFST
4051,YORW
4052,STIM
4053,AMRS
4054,FITB
4055,BTWN
4056,MTUM
4057,INKM
4058,TSAT
4059,FYC
4060,ZDGE
4061,SPMO
4062,CHIE
4063,PPTA
4064,UYM
4065,PDCO
4066,GSM
4067,KNX
4068,FXR
4069,ZEV
4070,BBDC
4071,RWT
4072,OMFL
4073,GSEW
4074,FG
4075,SD
4076,FRT
4077,SDVY
4078,MRSN
4079,CHMI
4080,LXFR
4081,ACWX
4082,E
4083,HPK
4084,GBTG
4085,DQ
4086,EMKR
4087,ALTL
4088,CTVA
4089,LGMK
4090,KVHI
4091,GOEV
4092,HDGE
4093,EIDO
4094,VRA
4095,ELVN1
4096,VOX
4097,VYGR
4098,JAGX1
4099,RYI
4100,OIL
4101,SSYS
4102,UDN
4103,SPIP
4104,UBR
4105,SCHK
4106,AIZ
4107,CHH
4108,KAR
4109,CPRX
4110,PERI
4111,KC
4112,TLH
4113,CIB
4114,KIDS
4115,IVLU
4116,FUV1
4117,LTRY
4118,SMWB
4119,HXL
4120,ONTF
4121,RWO
4122,FNCB
4123,SKM
4124,TBBK
4125,UGP
4126,TTGT
4127,PLD
4128,VIXM
4129,SOXQ
4130,LPCN
4131,FXN
4132,PAX
4133,PEZ
4134,LAB
4135,IYJ
4136,FSTR
4137,INTA
4138,BITF
4139,NWSA
4140,DGL
4141,KXI
4142,IPKW
4143,CAPR
4144,STRYQ
4145,SBGI
4146,SCHH
4147,GEVO
4148,XHS
4149,BLDR
4150,DRI
4151,SBS
4152,CLFD
4153,PHM
4154,SPYV
4155,BIPC
4156,CPS
4157,CDRE
4158,PRPO
4159,ACIW
4160,BATRK
4161,VICI
4162,INZY
4163,ATEX
4164,XMHQ
4165,IVVD
4166,HST
4167,QQEW
4168,ORRF
4169,SKLZ
4170,HTLD
4171,EE
4172,FWRG
4173,LPTX
4174,SND
4175,SM
4176,YINN1
4177,IXP
4178,RLJ
4179,ENV
4180,HYGH
4181,TIPL
4182,DUHP
4183,SFIX
4184,ZION
4185,HGEN
4186,WTBA
4187,LTBR
4188,R
4189,LSAK
4190,ADV
4191,IGMS
4192,TCBI
4193,GPMT
4194,FTAI1
4195,ESI
4196,NKLA
4197,TIL
4198,LQDH
4199,PAGS
4200,FRME
4201,SLG
4202,TVTX
4203,GGAL
4204,OFS
4205,OOTO
4206,RAIL
4207,NETZ
4208,JEPI
4209,LFVN
4210,BBEU
4211,BTCM
4212,SEIC
4213,CVBF
4214,SNDX
4215,SIEN
4216,HAYN
4217,BLX
4218,BATRA
4219,TINY
4220,HALL1
4221,NATI
4222,IWR
4223,CONN
4224,RXD
4225,BITS
4226,NE
4227,CVLC
4228,SFNC
4229,JXI
4230,FPE
4231,TREX
4232,FDRR
4233,SII
4234,SPXT
4235,GTBP
4236,OIIM
4237,PBF1
4238,IQM
4239,IT
4240,RCI
4241,MOGO
4242,IBCP
4243,UDMY
4244,HPE
4245,GK
4246,PJT
4247,GMET
4248,CEPU
4249,WEED
4250,MOGA
4251,BOND
4252,GABC
4253,HIBS
4254,USX
4255,SDIV
4256,BVN
4257,DAVA
4258,CCLP
4259,IDYA
4260,UFPT
4261,ESRT
4262,LRGF
4263,SEE
4264,GERN
4265,BYTE
4266,ONVO
4267,PUTW
4268,SYNH
4269,KOD
4270,HIW
4271,ADT
4272,AZUL
4273,MHK
4274,EVMT
4275,FUSN
4276,AMTI
4277,EDAP
4278,TYLG
4279,AEE
4280,DFLI
4281,SOHU
4282,ALV
4283,ACHC
4284,LYG
4285,NOV
4286,BUR
4287,APPN
4288,STRA
4289,GES
4290,ARCO
4291,ADEA1
4292,TMDX
4293,AKBA
4294,HYMB
4295,WSBF
4296,STER
4297,HAIN
4298,EUO
4299,REX
4300,MCY
4301,TRMK
4302,KALL
4303,BFOR
4304,MTRX
4305,VCYT
4306,AIN
4307,AMKR
4308,XRLV
4309,GIGB
4310,EBIX
4311,NAPA
4312,INT
4313,EWS
4314,AMOT
4315,INFA
4316,TGS
4317,LBRDK
4318,BXSL
4319,CX
4320,CIGI
4321,POWI
4322,COLM
4323,UNTY
4324,STEL1
4325,EWK
4326,RUSHA
4327,CUTR
4328,DADA
4329,MGRC
4330,CURE
4331,SPDW
4332,CHAU
4333,AXTI
4334,GAU
4335,BLCN
4336,OM
4337,CEG
4338,PSN
4339,PASG
4340,RDNT
4341,SWX
4342,KRC
4343,FHTX
4344,KURE
4345,GNPX
4346,INBK
4347,GAME
4348,LOCO1
4349,PECO
4350,ROIV
4351,CERS
4352,FEUZ
4353,AQN
4354,BSM
4355,HCM
4356,ACR
4357,EZJ
4358,IVT
4359,DKNG1
4360,LTRPA
4361,ZHDG
4362,IGE
4363,VNQI
4364,CSGP
4365,TNK
4366,ATXS
4367,ZIMV
4368,RCUS
4369,ARLO
4370,RDY
4371,NOBL
4372,HBB
4373,EVBG
4374,CALT
4375,BIV
4376,SNPO
4377,RYLD
4378,PSFE1
4379,MGEE
4380,MRVI
4381,HOWL
4382,FXP
4383,EVAV
4384,HEZU
4385,AMWL
4386,IMCG
4387,ULCC
4388,CHIU
4389,BCSF
4390,SPYG
4391,SWI
4392,COGT
4393,ACLS
4394,XENE
4395,SCHP
4396,BKF
4397,FTEC
4398,FBND
4399,PGTI
4400,UDR
4401,WRBY
4402,HITI
4403,GURE
4404,ESGD
4405,TRTN
4406,NEO
4407,EMQQ
4408,RPTX
4409,MPX
4410,WAFD
4411,LUNA
4412,CEI1
4413,HSC
4414,ANIX
4415,IAS
4416,ROCK
4417,CVII
4418,BTTX
4419,LGFA
4420,DFE
4421,EFZ
4422,REAL
4423,AAPB
4424,IMO
4425,BMA
4426,CDC
4427,JJSF
4428,SPNS
4429,DIVB
4430,PARR
4431,VERA
4432,TXT
4433,SLS
4434,BBAR
4435,GLCN
4436,BAB
4437,API
4438,STTK
4439,EQH
4440,ICVX
4441,SPDN
4442,FNDA
4443,AWR
4444,LYB
4445,FBP
4446,SPLB
4447,CEQP
4448,FBRX
4449,FTFT
4450,TZOO
4451,NEGG
4452,SATO
4453,AJRD
4454,ESTA
4455,DMLP
4456,NINE
4457,OPY
4458,INFN
4459,DHX
4460,TTE
4461,ME
4462,HYRE
4463,FLQM
4464,BREZ
4465,EDUT
4466,KTB
4467,TIMB
4468,ASPN
4469,NMG
4470,AM
4471,PUBM
4472,FOSL
4473,AJX
4474,VVI
4475,HA
4476,AVTA
4477,PAWZ
4478,CLH
4479,IFRA
4480,SBAC
4481,JEF
4482,BFIX
4483,MSEX
4484,DBB
4485,DUSL
4486,RSKD
4487,IWIN
4488,FTCI
4489,QD
4490,ELF
4491,LLAP
4492,DYAI
4493,CCU
4494,CAAS
4495,WTRE
4496,DRQ
4497,EWN
4498,TAC
4499,LOMA
4500,UMC
4501,ALE
4502,ZEST
4503,NXGN
4504,SLI
4505,BBIG
4506,TPH
4507,PETQ
4508,EH
4509,AAU
4510,CSWI
4511,FDNI
4512,HEQT
4513,BBVA
4514,IMH
4515,NYCB
4516,HONE
4517,MRC
4518,DLPN
4519,FLNG
4520,ZNTL
4521,SPH
4522,DTEA
4523,CBU
4524,YXI
4525,NL
4526,RL
4527,DAVE1
4528,AFK
4529,FGH
4530,BHLB
4531,WYY
4532,DRIV
4533,CSWC
4534,RARE
4535,DFIC
4536,NTCT
4537,AGS
4538,OEC
4539,CATY
4540,DXD
4541,CABA
4542,BLI
4543,VVOS
4544,PEGA
4545,FPX
4546,TA
4547,SCHD
4548,HEWJ
4549,ATRO
4550,TEF
4551,RGEN
4552,SIZE
4553,RCM
4554,CBT
4555,KRNY
4556,TTI
4557,CLBK
4558,BTBT
4559,SWTX
4560,ERII
4561,WPS
4562,SPSM
4563,HEDJ
4564,NS
4565,INFI
4566,WISH
4567,EDUT1
4568,OPFI
4569,ZVIA
4570,NSIT
4571,ERAS
4572,JBSS
4573,PHO
4574,AMEH
4575,FNDB
4576,GAN
4577,MTX
4578,CHT
4579,NMRK
4580,MPLN
4581,HOLI
4582,WK
4583,TLSA
4584,CDEI
4585,MYY
4586,EVC
4587,PRMW
4588,MOXC
4589,APDN
4590,PSNL
4591,WLKP
4592,CIBR
4593,NEXA
4594,MGIC
4595,SPEM
4596,GDS
4597,XOMA
4598,PNM
4599,DSKE
4600,RILY
4601,UBT
4602,QURE
4603,NOVN
4604,HEIA
4605,LTRN
4606,FJP
4607,MCBS
4608,XPER
4609,GRIN1
4610,VAW
4611,REYN
4612,GDYN
4613,KOIN
4614,INSG
4615,VLRS
4616,IGT
4617,MORT
4618,PBI
4619,PFBC
4620,PDFS
4621,CAE
4622,WSFS
4623,DCTH
4624,SLP
4625,THFF
4626,GRAB
4627,STKS
4628,MEIP
4629,CNRG
4630,CRAK
4631,VLTA
4632,GRC
4633,OND
4634,TTMI
4635,OFC
4636,REZI
4637,AIMC
4638,AMRN
4639,CGBD
4640,AVDL
4641,CORZQ
4642,ITOS
4643,BCEL
4644,DZSI
4645,PLD1
4646,FORG
4647,SKYX
4648,MTTR
4649,AMC1
4650,NKEL
4651,PSCH
4652,IQDF
4653,BEP
4654,MYTE
4655,DYN
4656,FNLC
4657,NAVI
4658,NOA
4659,KBWD
4660,EOLS
4661,DXYN
4662,PSQ
4663,JIRE
4664,PRIM
4665,BNRE1
4666,MP
4667,APEN
4668,RYTM
4669,FATE
4670,PTLC
4671,LODE
4672,PGC
4673,UPBD
4674,RF
4675,PLAB
4676,HZO
4677,CHX
4678,IHAK
4679,GTES
4680,APEI
4681,GLAD
4682,OTEX
4683,NLTX
4684,DRS
4685,RHS
4686,KBAL
4687,VTEX
4688,KZIA
4689,BRKL
4690,HLI
4691,ELA
4692,EWD
4693,ASR
4694,SRTS
4695,UGRO
4696,ITUB
4697,QEMM
4698,CTRE
4699,IPG
4700,SBIO
4701,PRGO
4702,ALKT
4703,NBSE
4704,INVA
4705,DBVT
4706,GFL
4707,VOLQ
4708,CAMT
4709,LYTS
4710,RNW
4711,AMX1
4712,FYT
4713,BLZE
4714,GGG
4715,IRNT
4716,HLMN
4717,CSTE
4718,ICMB
4719,BCAB
4720,BFA
4721,WBX
4722,ADVM
4723,MNTX
4724,GOSS
4725,CLVR
4726,BFH1
4727,SUMO
4728,AIRG
4729,ACOR
4730,WW
4731,UCTT
4732,HOOK
4733,FSS
4734,VRAR
4735,XNCR
4736,MTVR
4737,FDIS
4738,MCBC
4739,FLNT
4740,RGCO
4741,SRNEQ
4742,DMAT
4743,ATEC
4744,SIVR
4745,NTCO
4746,ZNHYY
4747,LPG
4748,OSW
4749,RBB
4750,FXL
4751,UVE
4752,TCMD
4753,CDLX
4754,XDZ
4755,SBB
4756,PESI
4757,NWBI
4758,INO
4759,REAX
4760,AAIC
4761,XNET
4762,KELYA
4763,CCF
4764,PGRE
4765,CNHI
4766,JSTC
4767,LPSN
4768,DHT
4769,HLLY
4770,OLMA
4771,SWVL1
4772,VRNT
4773,SHPW
4774,PRTS
4775,OCN
4776,TCON
4777,AQB
4778,DJD
4779,THTX
4780,RXL
4781,BWEN
4782,CLOV
4783,NAK
4784,HYLG
4785,NKTR
4786,FNF
4787,LFMD
4788,NTRA
4789,CNBS
4790,VERI
4791,HCI
4792,RXT
4793,DY
4794,NMM
4795,FCA
4796,PK
4797,CNA
4798,ATOS
4799,FIDU
4800,VNT
4801,NWE
4802,RM
4803,NVX
4804,ATRA
4805,SCHX
4806,KULR
4807,ALLT
4808,PMVP
4809,IONQ
4810,ESGU
4811,EVER
4812,TUP
4813,WOR
4814,CDXC
4815,CLSD
4816,DSEY
4817,ATLC
4818,HEPA
4819,LRN
4820,SYM
4821,DWX
4822,NVT
4823,LOCO
4824,REFR
4825,RFP
4826,BBU
4827,ESE
4828,LADR
4829,SB
4830,IAG
4831,ACLX
4832,UTL
4833,IQLT
4834,NETI
4835,TCOM
4836,CMCO
4837,VTWG
4838,ATHX
4839,FDUS
4840,SPRY
4841,MREO
4842,ESCA
4843,AEYE
4844,IMNM
4845,BLMN
4846,PRQR
4847,ARE
4848,ONON
4849,SCHN
4850,ATER
4851,SBH
4852,JSPR
4853,BWMX
4854,ASIX
4855,RC
4856,NRIX
4857,AWK
4858,MFG
4859,MCG
4860,BFST
4861,ROVR
4862,SPKX
4863,CRNX
4864,VVPR
4865,ARVL
4866,GLDD
4867,KOF
4868,BKYI
4869,BRKL1
4870,FNGS
4871,MGNX
4872,ATEN
4873,FNDF
4874,ONB
4875,AFIB
4876,DCGO
4877,PFLT
4878,CURI
4879,BHM1
4880,GOGL
4881,YALL
4882,CSTR
4883,BOWL
4884,RXO
4885,CHEF
4886,UIHC
4887,BNRE
4888,TRMB
4889,KRO
4890,RELL
4891,OSX
4892,MOR
4893,BXMT
4894,EWX
4895,INFY
4896,PZA
4897,BRBS
4898,XAIR
4899,SMR
4900,AMSF
4901,WIT
4902,G
4903,SHO
4904,AHT
4905,SUP
4906,HNDL
4907,KRG
4908,NTWK
4909,TRMR
4910,DSGX
4911,CIO
4912,LVOX
4913,MTN
4914,TRTX
4915,FTV
4916,ATLO
4917,SELF
4918,ORAN
4919,T1
4920,FIZZ
4921,CVCY
4922,TFLO
4923,BLND
4924,ARQT
4925,FLL
4926,RVP
4927,CGEM
4928,OUST
4929,IRS
4930,ONTO
4931,CENN
4932,FTS
4933,RANI
4934,WT
4935,ARDS
4936,SURG
4937,ZETA
4938,INSW
4939,SCHC
4940,FTGC
4941,EOSE
4942,MATV
4943,MD
4944,BCBP
4945,SVM
4946,CWAN
4947,CONX
4948,ZSL
4949,GDRX
4950,HBNC
4951,DDL
4952,RMNI
4953,TCRT
4954,GSY
4955,OR
4956,DLNG
4957,IDNA
4958,BLFY
4959,GOVZ
4960,SHM
4961,CPSS
4962,SGLY
4963,TGI1
4964,STR
4965,AGLE
4966,VERX
4967,XPP
4968,AGTI
4969,PINC
4970,PLXP
4971,MEOH
4972,WATT
4973,COWZ
4974,BSMX
4975,NEWT
4976,WGS
4977,FOA
4978,MYE
4979,ICSH
4980,FIP
4981,FA
4982,APLE
4983,SDIV1
4984,DBTX
4985,CNS
4986,UMH
4987,CGNX
4988,BUZZ
4989,JPIN
4990,BBW
4991,UL
4992,LVWR
4993,RYAN
4994,BIP
4995,KEP
4996,NWG
4997,EWTX
4998,EIG
4999,NGG
5000,ELP
5001,GREE
5002,LTPZ
5003,PBD
5004,PDBC
5005,GMAB
5006,TPG
5007,KNSA
5008,ATIP
5009,WBS
5010,CIA
5011,DGRO
5012,HMN
5013,EGY1
5014,VFMO
5015,LPX
5016,TMCI
5017,CBL
5018,BWXT
5019,NFRA
5020,GENC
5021,CNK
5022,RGP
5023,TKC
5024,IQDG
5025,ELOX1
5026,FBMS
5027,GLUE
5028,CD
5029,CHRS
5030,MRAI
5031,AUMN
5032,SGBX
5033,YQ
5034,BSGM
5035,CSSE1
5036,SHEN
5037,ADPT
5038,EGRX
5039,ORGS
5040,SJW
5041,PGRU
5042,EKSO
5043,CCRN
5044,RPT
5045,PXF
5046,CDXS
5047,KROP
5048,HRZN
5049,QABA
5050,IDU
5051,RODM
5052,SRC
5053,USHY
5054,BGCP
5055,ENSC1
5056,CNYA
5057,URGN
5058,FDMT
5059,FVD
5060,HARP
5061,SQSP
5062,RXST
5063,OLP
5064,ENTA
5065,UMBF
5066,FAST
5067,YOLO
5068,NYMT
5069,GRTS
5070,AYRO
5071,GLT
5072,TCX
5073,OIS
5074,BOXD
5075,AGRO
5076,STEP
5077,VERV
5078,SVRA
5079,PNT
5080,VIR
5081,BELFB
5082,MNTS
5083,PCOR
5084,SEV
5085,IGOV
5086,WY
5087,EPC
5088,BJRI
5089,MTA
5090,NAAS
5091,CODI
5092,AQUA
5093,KSTR
5094,INBX
5095,DENN
5096,SOND
5097,KNTE
5098,NUS
5099,SANW
5100,ETNB
5101,ROIC
5102,SILV
5103,RWAY
5104,PTRA
5105,VFF
5106,IDA
5107,TIXT
5108,ABB1
5109,NHTC
5110,CPA
5111,KFRC
5112,PPA
5113,PAYO
5114,PLUR
5115,CHII
5116,BCH
5117,CMBM
5118,NIU
5119,GILT
5120,ERNA1
5121,ATRC
5122,PANL
5123,WIMI
5124,ABSI
5125,ESMT
5126,ESNT
5127,COHU
5128,BRMK
5129,PPIH
5130,ACES
5131,GSPY
5132,WEAV
5133,HFFG
5134,BLDE
5135,TIGO
5136,PWP
5137,LFLY
5138,KODK
5139,FDL
5140,FNGG1
5141,CDE
5142,ISSC
5143,BDN
5144,FMNB
5145,VQS
5146,ERO
5147,XBIO
5148,MKFG
5149,CBAN
5150,VMD
5151,IVCRQ
5152,SCOR
5153,BRP
5154,ORLA
5155,UFCS
5156,CEMI
5157,VTNR
5158,MXCT
5159,SRVR
5160,NFBK
5161,ICLK
5162,CECO
5163,SOI
5164,SDC
5165,HYLB
5166,ASXC
5167,VATE
5168,SSTI
5169,FLYW
5170,EXFY
5171,IDEX
5172,MIDU
5173,ALBO
5174,INTF
5175,FFBC
5176,PBT
5177,USNA
5178,DIBS
5179,SJB
5180,MC
5181,JNCE
5182,VORB
5183,ASTI
5184,BLKB
5185,PCYO
5186,MBWM
5187,DM1
5188,NRDY
5189,COLB
5190,IGSB
5191,MSB
5192,MNSO
5193,PRLD
5194,GBX
5195,BRT
5196,HPP
5197,CSSE
5198,YEXT
5199,RMAX
5200,GEO
5201,CHIR1
5202,PVL
5203,LAZY
5204,BLUE
5205,FNCH
5206,ACCD
5207,RTO1
5208,ITCI
5209,RTL
5210,FCRD
5211,BITS1
5212,BIOC
5213,HVT
5214,NUVB
5215,UPLD
5216,RAM
5217,ULBI
5218,NUVL
5219,PFIX
5220,TGLS
5221,SDS1
5222,NHC
5223,ASYS
5224,EMN
5225,EBIZ
5226,VYMI
5227,OSBC
5228,ZH
5229,MMI
5230,UPXI
5231,NGS
5232,PSJ
5233,MDXG
5234,CM
5235,GMGI
5236,ALGS
5237,IRMD
5238,ALPN
5239,GNUS1
5240,VPG
5241,VRTV
5242,VNDA
5243,GAMB
5244,TISI1
5245,SUPV
5246,KVSA
5247,FCUV
5248,ARCE
5249,CNTA
5250,LZ
5251,PCTI
5252,CUBE
5253,AMTX
5254,SNDL1
5255,USAP
5256,MYGN
5257,ALGM
5258,OSCR
5259,INDT
5260,GASS
5261,NNN
5262,IDR
5263,VIEW
5264,CTKB
5265,DOYU
5266,AXDX
5267,BVH
5268,NARI
5269,PDN
5270,CNQ1
5271,WLMS
5272,BY
5273,HSTM
5274,PEAR
5275,AIR
5276,AVPT
5277,AVA
5278,CUE
5279,MIND
5280,FNDE
5281,ASAI
5282,PRSR
5283,NCTY
5284,CMAX
5285,JAMF
5286,BYSI
5287,CAC
5288,ORC
5289,RES
5290,ALEC
5291,APT
5292,CHS
5293,VEU
5294,FSP
5295,LDI
5296,MEG
5297,SBOW
5298,LHDX
5299,VFMV
5300,UBSI
5301,BFIN
5302,THRY
5303,CGEN
5304,GIB
5305,FPI
5306,HLN
5307,FLJP
5308,AMAM
5309,LSXMA
5310,OWLT
5311,TW
5312,LIDR
5313,CXDO
5314,EBF
5315,CEVA
5316,MAXN
5317,CEI
5318,HCC
5319,VTSI
5320,EBC
5321,EQRX
5322,AAON
5323,LIZI
5324,PAVM
5325,HEWG
5326,DICE
5327,CRVS
5328,CTG
5329,EFC
5330,NBHC
5331,FANH
5332,BSY
5333,SEVN
5334,KALU
5335,CMLS
5336,BCOV
5337,SEM
5338,CBNK
5339,GOVT
5340,ENFN
5341,ZYME
5342,PDCE
5343,STRO
5344,ORC1
5345,CSTL
5346,TCRR
5347,KRBP
5348,SLGL
5349,SLVM
5350,AUB
5351,WWW
5352,BV
5353,ZUMZ
5354,TRVI
5355,HWKN
5356,LMFA
5357,ALLO
5358,FBIN
5359,MMLP
5360,VCNX
5361,OCFT1
5362,GRIN
5363,U1
5364,LCI
5365,MNRO
5366,EQ
5367,CGAU
5368,GREE1
5369,CLSK
5370,WTTR
5371,OCUL
5372,ELDN
5373,VLN
5374,ADCT
5375,SMBC
5376,IXUS
5377,BCDA
5378,ITI
5379,REK
5380,PPBT
5381,SFT
5382,DTC
5383,III
5384,SRTY2
5385,EVGN
5386,AIP
5387,ANGL
5388,CULP
5389,SVC
5390,BNL
5391,BTCY
5392,ANGI
5393,IMV1
5394,YELL
5395,USAU
5396,OTMO
5397,APTO
5398,SXT
5399,APGN
5400,NGMS
5401,NESR
5402,LOV
5403,OUSA
5404,DSX2
5405,HESM
5406,NMTC
5407,CLDT
5408,NREF
5409,SNDR
5410,GHI
5411,ICLK1
5412,AKTS
5413,AAC
5414,FLNC
5415,LNSR
5416,CRGY
5417,ALEX
5418,PINE
5419,MBIN
5420,ACHR
5421,GEOS
5422,PUK
5423,ATNF1
5424,STSA
5425,AFMD
5426,BBD1
5427,BIRD
5428,FNHCQ
5429,IGIC
5430,SCU
5431,PYR
5432,SUM
5433,SR
5434,OOMA
5435,VEON
5436,TREE
5437,CCCC
5438,UEIC
5439,LE
5440,CARE
5441,DAO
5442,ORMP
5443,ALLK
5444,RENT
5445,DLB
5446,CNSL
5447,KINS
5448,CVGW
5449,PX
5450,MDRX
5451,RVPH
5452,AROC
5453,OPTT
5454,INDB
5455,CHIC
5456,DMAC
5457,GIII
5458,TDCX
5459,IMV
5460,TASK
5461,UBX1
5462,CCLD
5463,TTEC
5464,VRNA
5465,BRY
5466,ESGR
5467,TWKS
5468,PRTYQ
5469,WHG
5470,ASUR
5471,FINV
5472,OFIX1
5473,FLO
5474,GHL
5475,GTN
5476,FTXO
5477,FYBR
5478,OMEX
5479,KLXE
5480,TRIB
5481,AVCT1
5482,ACIU
5483,SFL
5484,DBEU
5485,TMHC
5486,ONEW
5487,OBSV
5488,NECB
5489,BSRR
5490,VSEC
5491,RGTI
5492,ENTX
5493,FENG
5494,LYLT
5495,VREX
5496,EPRT
5497,CWEN
5498,ENOV1
5499,CLBT
5500,QBTS
5501,USM
5502,HCCI
5503,NWPX
5504,MDGS
5505,MARK
5506,ONTX
5507,SYBX
5508,CYCN
5509,PACW
5510,CBD
5511,LPRO
5512,FR
5513,IBRX
5514,RCON
5515,PHX
5516,MKTW
5517,QMCO
5518,ABIO
5519,PTVE
5520,IRIX
5521,BARK
5522,CPSI
5523,CYXT
5524,PEG
5525,ENR
5526,CRDF
5527,VNRX
5528,ARKO
5529,EBS
5530,MORF
5531,TTOO
5532,THRN
5533,CRCT
5534,MCRB
5535,GLOP
5536,FARM
5537,WWR
5538,BLRX
5539,BOC
5540,WNEB
5541,SCPL
5542,SKE
5543,AULT
5544,ROOT1
5545,ATHX1
5546,PRO
5547,TBI
5548,MESO
5549,CLLS
5550,TECS2
5551,PLX
5552,SRL
5553,OPRT
5554,GLPG
5555,DELL1
5556,ASAP
5557,SCPH
5558,NR
5559,KXIN
5560,CLPS
5561,ORGO
5562,RXRX
5563,GSBD
5564,CBIO
5565,STOK
5566,NGVC
5567,AUTL
5568,LTH
5569,WKEY
5570,NDLS
5571,VCSA
5572,PFC
5573,GSIE
5574,CZOO1
5575,SHYG
5576,SKYW
5577,VRE
5578,SYRS2
5579,CTSO
5580,FPH
5581,TALK
5582,SEAC
5583,SCHL
5584,ACRX
5585,KIM
5586,EAR1
5587,RKDA
5588,YSG
5589,CTXR
5590,VCEL
5591,SEER
5592,SCYX
5593,ACHV
5594,RDHL
5595,GVA
5596,ACRX1
5597,ASPS
5598,FIBK
5599,JOAN
5600,WHF
5601,VANI
5602,SEAT
5603,OSS
5604,RTO
5605,SUN
5606,BTG
5607,CBSH1
5608,OPI
5609,ADEA
5610,MNMD1
5611,NRBO1
5612,PRK
5613,LRMR
5614,UONEK
5615,MNDO
5616,EDIV
5617,ZKIN
5618,MLPX
5619,HCAT
5620,SIEB
5621,FATH
5622,IREN
5623,TKAT
5624,BPTH
5625,ICL
5626,BNTC
5627,NM
5628,CVGI
5629,HBM
5630,FRBK
5631,TTNP
5632,ENDPQ
5633,ANTE1
5634,TWO1
5635,MCHX
5636,SRT
5637,GATO
5638,ENLV
5639,OVID
5640,ASLN
5641,RLGT
5642,TYO
5643,ACEL
5644,BSBR
5645,AUD
5646,CSV
5647,LIQT
5648,WTT
5649,APLT
5650,SDEM1
5651,FTFT1
5652,ILPT
5653,NYMX
5654,PIE
5655,PRTK
5656,BLDP
5657,ASPU
5658,SIOX
5659,GLYC
5660,NRT
5661,CAF
5662,ASMB
5663,BFRI
5664,MRAM
5665,KIND
5666,TPC
5667,ANIP
5668,UCBI
5669,REE
5670,NEXT
5671,LTCH
5672,BLUE1
5673,DRD
5674,BRDS
5675,EPSN
5676,PLSE
5677,RUBY
5678,O2
5679,SQNS
5680,SESN
5681,CASI
5682,EEX
5683,IPSC
5684,BKCC
5685,PRCH
5686,TK
5687,SFE
5688,DHC
5689,PLBY
5690,BKSY
5691,UP
5692,CLIR
5693,ORGN
5694,LXP
5695,MBIO
5696,CISO
5697,RENN1
5698,RYN
5699,MBOT
5700,BCYC
5701,AEM1
5702,RRGB
5703,VXRT
5704,BMTX
5705,SY
5706,DSX1
5707,YCBD
5708,WPP
5709,LSTA1
5710,ONCT
5711,KRMD
5712,BRLT
5713,TARA
5714,DGLY1
5715,EMBC
5716,SUM1
5717,BGXX
5718,HAYW
5719,ORN
5720,NFGC
5721,AEVA
5722,SPNT
5723,PSX1
5724,GSK1
5725,DRRX
5726,CBAT
5727,RFL
5728,SLDP
5729,RBBN
5730,CORR
5731,CRBP1
5732,RDI
5733,EVTV
5734,AMRX
5735,TLS
5736,SYRS1
5737,MFH
5738,ENG
5739,CIXXF
5740,NXTC
5741,HTOO
5742,GWH
5743,IRON1
5744,MAGA
5745,INTR
5746,SCTL
5747,NUZE1
5748,SMBK
5749,ALLG
5750,LAW
5751,ASAP1
5752,FLUX
5753,AVAH
5754,TROO
5755,PTN
5756,ACXP
5757,TIG
5758,TBNK
5759,CDAK
5760,SDIG
5761,ENOB
5762,PCYG
5763,DTIL
5764,PHAT
5765,CLNN
5766,PGEN
5767,POWW
5768,AMSC
5769,NGD
5770,QLGN1
5771,CAJ
5772,ETD
5773,UPH1
5774,LIFE
5775,TBIO
5776,BRZE
5777,TU
5778,WVE
5779,YRD
5780,SIEN1
5781,GROY
5782,ACER
5783,DMTK
5784,COMS1
5785,EVLV
5786,CPIX
5787,QSI
5788,SES
5789,PFMT
5790,UAVS
5791,CLGN
5792,TRVG
5793,LCNB
5794,SLDB1
5795,KERN1
5796,ENIC
5797,LCI1
5798,ARBK
5799,GEHI1
5800,FRSX
5801,MTCR
5802,OTRK
5803,VTGN
5804,LILM
5805,TOUR
5806,ADMP
5807,ANNX
5808,PBYI
5809,IMBI
5810,HUGE
5811,HIPO1
5812,ZEPP
5813,SUNW
5814,INCR
5815,LFCR
5816,ALPP
5817,FSTX
5818,MNOV
5819,GLBS
5820,DRH
5821,NNVC
5822,GCT
5823,ARR
5824,SRCE
5825,AYTU1
5826,MTLS
5827,ICAD
5828,HBIO
5829,MFA1
5830,TSHA
5831,LCTX
5832,OPBK
5833,GTIM
5834,PXLW
5835,DSP
5836,NCMI
5837,BTTR
5838,AVIR
5839,OB
5840,VIRI
5841,EIGR
5842,GLMD
5843,HMPT
5844,SQFT
5845,MGTA
5846,VTOL
5847,NBRV1
5848,EGP
5849,CYN
5850,AEMD
5851,SELB
5852,VBLT
5853,QUBT
5854,WEJO
5855,ONDS
5856,TTOO1
5857,ATSG
5858,BVS
5859,PYPD
5860,GPLDF
5861,NMTR1
5862,NMRD
5863,IMCC1
5864,RBT
5865,ALR
5866,AP
5867,DRIO
5868,UAMY
5869,EMAN
5870,TAOP
5871,EBON1
5872,ALHC
5873,CGNT
5874,ADMA
5875,ABOS
5876,YI
5877,CRDL
5878,ORIC
5879,LGMK1
5880,NEWP
5881,AVTX
5882,CTMX
5883,PTPI1
5884,OCG
5885,RVLP
5886,IPA
5887,HUMA
5888,LMNL1
5889,PIXY1
5890,ERYP
5891,CURO
5892,CLXT
5893,CRGE
5894,PHIO1
5895,LGO
5896,SPOK
5897,QUOT
5898,CDZI
5899,WLDN
5900,QNCX
5901,JG
5902,OCUP
5903,DOMA
5904,SOXS1
5905,RKLYQ
5906,LMND1
5907,APYX
5908,TRVN1
5909,SUNL
5910,RAAS
5911,TMQ
5912,DC
5913,DIDIY
5914,FREE
5915,ITUB1
5916,LGHL
5917,IZEA
5918,CADE
5919,KBNT
5920,AVRO
5921,GHI2
5922,KRON
5923,GANX
5924,ARMP
5925,ANPC1
5926,CKPT1
5927,OABI
5928,EQX
5929,HYPR
5930,QTT
5931,PENN1
5932,BNED
5933,EVCM
5934,LILA
5935,HL1
5936,JFIN
5937,AXLA
5938,GRAY
5939,IBIO1
5940,REKR
5941,AREC
5942,CNTB
5943,SSSS
5944,VYNE1
5945,XGN
5946,PIRS
5947,XOS
5948,AEG
5949,VNTR
5950,EVLO
5951,USIO
5952,OSUR
5953,ODV
5954,LPL
5955,OMIC
5956,DTEC
5957,CRIS
5958,ALZN
5959,GROM1
5960,KPTI
5961,PRTG
5962,CURV
5963,MRKR1
5964,EGLX
5965,ADES
5966,EFXT1
5967,UXIN1
5968,RNLX
5969,SYRS
5970,NRC
5971,SQZ
5972,XBIT
5973,SLGG
5974,WISA1
5975,ATNX1
5976,HRTG
5977,CHRA1
5978,AROW1
5979,PNNT
5980,BEST
5981,MIRO
5982,NHWK
5983,GLTO
5984,MARK1
5985,ML
5986,BHG
5987,VGZ
5988,EXK
5989,SLGC
5990,CFRX1
5991,UROY
5992,SMRT
5993,NH1
5994,SFT1
5995,USDP
5996,SLNH
5997,GMDA
5998,TLIS
5999,DRRX1
6000,TFFP
6001,ELYS
6002,KMDA
6003,SNCR
6004,MUX1
6005,CMCM
6006,EVAX
6007,NYC1
6008,OPTN
6009,GNLN1
6010,OBLG1
6011,CMCM1
6012,APTX
6013,STAB
6014,AGFY1
6015,GSIT
6016,CYCC
6017,KALA1
6018,OTIC
6019,WMC1
6020,SECO1
6021,VS1
6022,PHASQ
6023,VANI1
6024,KA1
6025,NBEVQ
6026,RGLS1
6027,WAVD
6028,TUEM1
6029,ONCS1
6030,UTY
